user_id,txn_date,amount,success_flag
272,2025-03-28,86.81,1
235,2025-03-18,111.12,1
256,2025-06-28,142.02,1
365,2025-06-02,87.83,1
110,2025-03-18,44.91,1
81,2025-06-20,107.63,1
680,2025-07-13,134.99,0
629,2025-02-26,62.87,1
555,2025-04-13,64.15,1
494,2025-04-08,118.34,1
636,2025-06-16,74.4,1
505,2025-05-06,49.89,1
282,2025-04-27,122.61,1
188,2025-06-19,121.82,1
287,2025-06-13,111.2,1
228,2025-05-26,103.56,1
132,2025-03-01,116.5,1
539,2025-06-05,73.56,1
490,2025-05-31,20.67,1
34,2025-06-21,145.93,1
356,2025-07-05,50.82,1
703,2025-05-24,96.85,1
469,2025-05-21,96.14,1
716,2025-06-19,18.77,1
472,2025-05-18,52.0,0
706,2025-03-11,10.42,1
13,2025-06-18,21.4,1
216,2025-06-24,149.74,1
595,2025-04-29,12.01,1
334,2025-07-02,98.93,1
628,2025-06-14,26.04,0
192,2025-07-03,145.48,0
270,2025-05-27,119.52,1
276,2025-07-18,55.13,1
628,2025-06-24,16.45,1
375,2025-05-01,118.78,1
511,2025-06-02,137.5,1
216,2025-06-29,149.96,1
718,2025-05-14,115.68,1
374,2025-06-28,42.88,0
287,2025-06-20,135.2,1
185,2025-07-08,8.79,1
135,2025-06-04,92.6,0
703,2025-05-31,38.93,1
103,2025-04-18,42.59,1
242,2025-07-07,10.2,0
443,2025-05-21,56.04,1
201,2025-06-03,7.66,1
154,2025-07-15,121.69,1
10,2025-05-27,114.3,1
432,2025-07-15,49.91,1
138,2025-07-18,51.85,1
530,2025-06-17,48.16,1
738,2025-06-26,24.86,1
499,2025-06-18,137.43,1
257,2025-05-27,86.18,0
582,2025-03-08,95.97,1
408,2025-05-11,47.4,1
708,2025-04-21,111.64,1
62,2025-06-03,55.07,0
261,2025-04-23,19.78,1
645,2025-05-22,14.05,1
461,2025-05-24,18.39,1
267,2025-04-06,13.19,1
369,2025-05-02,127.24,1
571,2025-05-08,80.71,1
353,2025-03-26,48.57,1
422,2025-05-25,44.44,1
360,2025-07-13,34.9,1
621,2025-04-10,53.79,1
591,2025-07-31,70.89,1
666,2025-07-01,35.97,1
552,2025-05-10,117.6,1
292,2025-05-06,13.62,1
333,2025-07-09,59.84,1
523,2025-05-12,131.79,1
458,2025-04-25,117.69,1
391,2025-07-12,122.72,1
294,2025-06-20,12.65,1
647,2025-04-14,141.61,1
172,2025-07-18,19.83,1
346,2025-05-30,121.84,1
647,2025-06-13,73.38,1
586,2025-05-15,68.66,1
74,2025-03-13,107.35,0
166,2025-04-10,99.61,1
234,2025-04-10,56.96,1
325,2025-05-16,98.2,1
299,2025-06-14,129.71,1
620,2025-06-08,67.85,1
405,2025-04-07,141.02,1
456,2025-04-17,6.43,1
602,2025-05-29,123.94,1
462,2025-06-29,39.93,1
172,2025-05-21,108.74,1
24,2025-03-09,53.03,1
746,2025-04-27,85.5,1
678,2025-04-18,82.27,0
718,2025-04-07,142.96,1
216,2025-05-28,117.76,1
407,2025-05-13,134.48,1
98,2025-03-08,81.92,1
485,2025-05-25,128.3,1
56,2025-02-22,39.76,1
407,2025-07-06,38.4,1
86,2025-05-13,24.5,1
269,2025-05-19,137.45,1
160,2025-03-23,113.49,1
671,2025-04-09,40.9,1
317,2025-05-10,115.63,1
254,2025-04-10,143.39,0
454,2025-06-22,144.53,1
130,2025-03-15,33.63,1
540,2025-03-12,104.29,1
30,2025-03-12,119.04,1
680,2025-06-25,75.0,1
334,2025-07-16,112.34,1
479,2025-05-17,124.89,1
279,2025-06-20,120.11,0
456,2025-03-19,103.48,0
715,2025-06-29,9.18,1
182,2025-05-27,20.64,1
612,2025-05-13,126.64,1
647,2025-06-16,80.43,1
578,2025-04-15,86.37,1
537,2025-08-05,119.64,1
655,2025-05-25,50.03,1
318,2025-06-19,105.19,1
494,2025-04-30,131.93,1
233,2025-05-05,63.4,1
453,2025-04-02,84.92,1
375,2025-05-30,21.59,1
267,2025-03-10,118.28,1
311,2025-02-21,40.03,1
1,2025-06-28,33.53,1
140,2025-06-18,20.31,1
294,2025-06-21,77.43,1
548,2025-04-29,23.3,1
705,2025-07-04,87.95,1
489,2025-04-28,76.25,1
10,2025-06-29,140.97,1
300,2025-07-07,7.83,1
237,2025-05-04,20.68,0
562,2025-05-25,94.81,1
194,2025-06-07,33.84,1
575,2025-06-24,100.61,0
405,2025-04-04,147.45,1
168,2025-05-23,24.45,1
400,2025-04-24,130.9,1
226,2025-05-04,5.26,1
82,2025-05-27,54.36,0
641,2025-05-23,80.91,1
530,2025-06-27,53.55,1
711,2025-07-08,7.86,1
279,2025-05-17,105.8,1
665,2025-07-23,38.46,1
276,2025-07-10,114.87,1
193,2025-05-03,104.9,1
187,2025-05-05,104.12,1
297,2025-05-18,139.98,1
653,2025-05-09,63.91,1
633,2025-04-25,68.11,0
279,2025-07-09,72.8,1
638,2025-07-13,122.57,0
193,2025-06-05,139.35,1
20,2025-05-19,111.08,1
51,2025-05-12,20.39,1
23,2025-04-20,146.9,1
105,2025-06-01,139.67,1
276,2025-06-04,28.65,1
733,2025-04-29,54.57,1
745,2025-03-01,89.34,0
239,2025-03-23,115.41,1
155,2025-02-20,5.65,1
506,2025-05-09,81.38,1
351,2025-05-02,21.1,1
320,2025-06-10,41.72,0
381,2025-05-21,19.75,1
714,2025-03-10,5.77,1
339,2025-04-02,100.76,1
150,2025-04-07,70.72,1
273,2025-06-23,57.19,1
74,2025-05-11,10.89,1
482,2025-05-15,119.67,1
197,2025-06-08,108.84,1
391,2025-04-26,40.84,0
125,2025-05-31,19.99,1
395,2025-05-17,23.85,1
254,2025-03-09,35.48,1
204,2025-05-24,74.02,0
97,2025-05-17,10.04,1
682,2025-03-25,91.52,1
485,2025-05-04,74.62,1
698,2025-06-21,14.09,1
331,2025-05-30,76.74,1
645,2025-05-15,133.43,1
563,2025-07-12,28.71,1
126,2025-06-05,25.46,1
493,2025-07-03,31.0,1
306,2025-03-25,8.65,1
370,2025-04-01,122.5,1
683,2025-04-20,23.5,0
116,2025-05-28,102.48,1
649,2025-05-08,69.84,1
333,2025-04-15,118.76,1
172,2025-06-02,80.53,1
599,2025-04-28,125.38,0
406,2025-03-23,106.25,1
10,2025-05-10,7.94,1
596,2025-06-30,79.49,1
487,2025-06-03,23.08,1
611,2025-06-03,115.82,0
381,2025-04-03,114.95,1
255,2025-05-16,94.39,0
512,2025-03-03,97.79,1
703,2025-07-20,142.14,0
347,2025-07-29,60.31,1
62,2025-05-14,29.92,1
365,2025-08-04,20.28,1
158,2025-06-24,54.46,1
550,2025-04-01,108.19,1
129,2025-05-08,102.52,1
239,2025-04-21,86.0,0
572,2025-07-18,21.09,1
356,2025-07-11,67.16,1
198,2025-04-30,87.11,1
706,2025-04-27,46.27,1
367,2025-04-22,53.62,1
257,2025-03-22,88.49,1
497,2025-06-12,23.11,1
573,2025-04-05,6.8,1
556,2025-07-31,11.54,1
502,2025-04-17,131.44,1
581,2025-06-11,68.26,0
557,2025-05-26,125.95,1
332,2025-06-12,115.57,1
282,2025-05-11,55.46,1
568,2025-04-17,73.22,1
71,2025-05-16,149.96,1
159,2025-07-01,57.46,1
303,2025-05-21,95.8,1
555,2025-05-24,99.37,0
465,2025-04-09,130.13,1
654,2025-05-07,14.11,1
389,2025-04-03,104.94,1
20,2025-07-18,83.03,1
373,2025-06-29,47.6,1
245,2025-04-20,77.53,1
739,2025-02-27,54.4,1
675,2025-07-10,90.13,1
397,2025-05-08,125.3,1
537,2025-08-11,102.27,1
510,2025-07-21,47.27,1
158,2025-06-13,143.66,1
290,2025-04-07,145.59,1
420,2025-07-06,30.46,1
330,2025-06-02,88.76,1
99,2025-07-05,44.94,1
675,2025-05-11,58.21,1
45,2025-03-30,128.25,1
183,2025-03-19,56.67,1
207,2025-05-19,128.36,1
498,2025-03-31,14.64,1
102,2025-03-06,80.88,1
585,2025-05-27,149.58,1
398,2025-07-01,115.38,0
502,2025-05-30,133.72,1
639,2025-06-16,29.07,1
605,2025-03-30,59.85,1
51,2025-04-20,96.41,0
227,2025-06-13,65.77,1
736,2025-05-28,43.91,1
14,2025-05-13,5.23,1
672,2025-06-18,9.41,1
82,2025-06-01,11.71,1
655,2025-03-25,77.09,1
370,2025-06-05,32.82,1
426,2025-04-24,110.52,1
726,2025-03-17,15.41,1
632,2025-04-05,12.69,1
542,2025-03-07,42.71,1
73,2025-04-28,42.89,0
80,2025-03-27,49.91,1
532,2025-03-12,45.38,1
104,2025-04-02,97.25,1
545,2025-06-30,138.11,0
195,2025-04-01,112.15,1
539,2025-07-05,127.29,1
255,2025-07-07,112.72,1
641,2025-05-15,115.04,1
572,2025-07-07,97.62,0
426,2025-03-21,19.66,1
654,2025-05-16,93.65,0
367,2025-06-30,18.86,1
470,2025-05-22,13.08,1
682,2025-04-22,136.63,1
107,2025-04-16,103.18,1
185,2025-07-05,118.38,1
412,2025-05-16,61.83,1
346,2025-06-30,21.01,1
162,2025-06-04,50.89,1
615,2025-05-01,24.83,1
361,2025-04-01,7.62,0
564,2025-05-10,17.53,1
381,2025-05-14,135.3,0
649,2025-05-08,130.78,1
744,2025-05-13,53.3,1
624,2025-05-28,25.2,1
577,2025-06-23,131.02,1
220,2025-04-18,93.26,0
564,2025-05-01,101.44,1
369,2025-04-18,119.11,1
459,2025-04-30,57.22,0
1,2025-04-27,138.82,1
292,2025-06-06,70.55,1
17,2025-06-09,12.02,1
139,2025-06-25,65.03,1
7,2025-05-21,43.21,1
228,2025-04-10,28.6,1
323,2025-04-15,120.11,1
707,2025-04-29,20.63,1
567,2025-05-16,106.16,1
570,2025-06-20,61.79,1
586,2025-04-13,145.45,1
97,2025-03-16,61.55,1
472,2025-05-23,88.66,1
160,2025-03-30,30.61,1
272,2025-04-17,143.6,1
597,2025-04-12,100.95,1
239,2025-04-13,23.5,1
308,2025-05-07,91.25,1
585,2025-04-26,123.3,1
583,2025-04-15,127.63,1
80,2025-04-10,145.56,0
495,2025-03-25,56.83,1
500,2025-07-30,29.22,0
720,2025-05-15,86.64,1
98,2025-05-15,46.79,1
658,2025-06-19,101.3,1
39,2025-05-25,144.98,1
391,2025-05-05,119.85,1
58,2025-04-16,16.48,1
357,2025-05-28,50.61,1
427,2025-05-31,143.13,1
233,2025-07-16,30.33,1
617,2025-04-28,45.7,0
650,2025-05-17,43.86,1
392,2025-03-24,100.6,1
313,2025-07-15,36.29,1
43,2025-06-23,50.34,1
553,2025-07-02,7.7,1
154,2025-06-26,24.99,1
515,2025-07-29,120.64,1
227,2025-04-16,49.9,1
52,2025-07-07,111.84,1
750,2025-06-21,100.04,1
457,2025-05-06,139.49,1
590,2025-05-24,58.19,1
93,2025-05-20,5.2,1
443,2025-05-10,114.16,1
404,2025-06-05,132.51,1
136,2025-05-19,96.44,1
85,2025-05-22,75.77,1
586,2025-03-31,58.6,1
562,2025-05-29,66.41,1
269,2025-03-11,135.92,1
409,2025-06-24,147.26,1
445,2025-08-06,79.16,1
134,2025-06-04,19.82,1
493,2025-06-23,89.44,0
203,2025-06-29,97.28,1
405,2025-05-26,120.97,1
586,2025-04-19,42.64,1
575,2025-07-17,72.75,1
537,2025-06-16,134.72,1
249,2025-02-28,146.87,1
273,2025-06-28,85.58,0
332,2025-07-10,78.21,1
590,2025-04-01,56.93,1
116,2025-07-22,65.63,1
424,2025-06-09,85.26,1
375,2025-05-22,49.37,0
196,2025-04-06,90.34,1
353,2025-06-08,99.42,1
672,2025-04-20,144.31,1
313,2025-05-30,21.25,1
359,2025-08-05,74.45,1
453,2025-05-12,62.25,0
150,2025-05-26,75.34,0
46,2025-04-23,6.19,1
205,2025-07-06,140.01,0
383,2025-04-08,6.9,1
746,2025-04-07,99.8,1
116,2025-05-04,14.22,1
249,2025-05-09,79.3,1
152,2025-04-11,9.97,1
15,2025-04-11,77.46,1
711,2025-04-26,26.52,1
313,2025-07-05,136.14,0
483,2025-04-26,148.15,1
340,2025-06-13,62.23,1
551,2025-03-21,65.41,1
209,2025-06-20,49.87,1
536,2025-06-03,80.94,1
562,2025-06-08,119.65,1
638,2025-05-30,47.51,1
712,2025-07-24,59.55,1
685,2025-05-18,137.46,1
386,2025-05-26,71.63,1
680,2025-07-17,95.99,1
45,2025-04-15,98.98,1
175,2025-03-31,136.37,1
291,2025-06-04,102.74,1
714,2025-05-24,97.47,1
278,2025-03-08,109.0,1
477,2025-06-23,112.69,1
9,2025-05-02,14.26,1
398,2025-07-01,42.48,0
278,2025-05-25,124.43,1
676,2025-07-04,106.61,1
111,2025-03-30,141.68,1
300,2025-07-14,95.39,1
396,2025-04-04,35.99,1
390,2025-06-18,66.58,1
727,2025-05-24,121.93,1
324,2025-06-20,146.73,1
612,2025-05-23,74.7,1
91,2025-06-10,22.51,1
204,2025-05-30,46.7,1
469,2025-07-16,45.91,1
730,2025-04-02,111.44,1
41,2025-04-28,94.53,1
543,2025-06-19,74.7,0
342,2025-05-01,107.64,1
403,2025-04-07,33.56,1
19,2025-05-03,125.65,1
701,2025-04-26,35.94,1
364,2025-06-28,112.24,1
310,2025-05-12,111.81,1
514,2025-06-19,121.87,1
64,2025-05-27,41.09,1
264,2025-06-23,15.17,1
31,2025-06-05,42.85,1
287,2025-05-22,136.6,1
156,2025-06-08,76.11,1
403,2025-06-10,82.61,1
141,2025-03-13,54.18,1
748,2025-06-06,45.39,1
534,2025-07-15,55.93,1
628,2025-07-31,51.33,1
703,2025-05-31,68.2,1
428,2025-06-04,7.34,1
587,2025-04-11,31.81,1
437,2025-05-16,54.52,0
620,2025-04-29,78.84,1
460,2025-05-17,56.68,1
135,2025-04-18,8.36,1
669,2025-04-16,75.12,1
595,2025-06-25,115.83,1
701,2025-04-06,54.15,1
142,2025-06-23,85.06,1
706,2025-05-16,45.89,1
139,2025-07-12,80.68,1
149,2025-05-30,101.66,1
579,2025-05-03,17.63,1
326,2025-04-07,94.94,1
571,2025-06-13,17.53,1
737,2025-04-22,50.54,1
189,2025-04-16,39.34,1
150,2025-04-03,48.72,0
327,2025-07-07,106.93,1
422,2025-06-17,65.42,1
454,2025-06-23,82.47,1
281,2025-05-21,89.6,1
193,2025-05-08,100.04,1
135,2025-04-15,118.09,1
27,2025-07-30,49.77,1
632,2025-04-05,120.75,1
621,2025-05-27,56.08,1
628,2025-06-10,86.17,1
611,2025-06-13,16.99,1
237,2025-07-30,31.88,1
27,2025-06-27,148.88,1
82,2025-06-30,13.89,1
489,2025-04-07,77.01,1
515,2025-07-17,138.44,1
481,2025-07-30,149.21,1
383,2025-04-12,93.15,1
397,2025-06-15,70.86,1
486,2025-06-04,126.16,1
168,2025-03-26,124.51,1
232,2025-04-17,125.74,1
419,2025-03-08,70.55,1
277,2025-06-15,97.42,1
228,2025-06-07,37.52,1
208,2025-05-20,137.94,1
68,2025-03-30,27.3,1
450,2025-05-23,137.66,1
502,2025-06-20,123.52,0
333,2025-06-11,141.06,0
253,2025-06-27,84.23,1
415,2025-02-26,6.05,1
623,2025-06-22,67.18,1
738,2025-06-26,31.78,1
404,2025-08-04,30.32,1
586,2025-06-09,48.24,1
550,2025-05-25,77.91,1
657,2025-03-15,141.62,1
534,2025-05-03,52.13,1
463,2025-06-03,54.09,1
44,2025-05-31,57.72,1
532,2025-05-07,131.42,1
406,2025-02-25,21.18,1
572,2025-06-15,67.08,1
529,2025-06-24,9.04,1
51,2025-03-29,7.83,1
299,2025-07-06,25.9,0
408,2025-06-06,92.56,1
293,2025-06-16,21.02,1
171,2025-05-24,126.68,1
302,2025-07-07,77.83,1
56,2025-05-18,5.86,1
530,2025-04-28,127.87,1
475,2025-05-18,20.7,1
463,2025-04-17,110.43,1
740,2025-05-07,34.88,1
116,2025-05-21,120.56,1
600,2025-06-14,104.56,1
560,2025-04-09,114.59,0
403,2025-05-09,21.61,1
332,2025-06-10,122.47,1
26,2025-05-23,36.19,1
465,2025-06-23,148.13,1
730,2025-04-25,45.32,1
466,2025-03-29,29.67,1
257,2025-04-27,117.15,1
709,2025-05-27,8.86,1
729,2025-04-03,36.07,1
736,2025-06-03,118.82,1
94,2025-05-09,97.56,1
724,2025-07-02,143.34,1
650,2025-04-13,121.53,1
88,2025-05-18,32.08,1
725,2025-06-10,84.68,1
745,2025-05-04,93.12,1
627,2025-03-21,43.47,1
388,2025-06-02,105.61,1
390,2025-04-19,104.67,1
175,2025-05-05,43.05,1
580,2025-08-03,117.18,1
154,2025-06-05,93.73,1
149,2025-03-30,106.78,1
730,2025-04-06,104.79,1
430,2025-04-08,71.51,1
317,2025-06-07,103.57,1
296,2025-07-14,95.62,1
186,2025-05-17,143.01,1
135,2025-04-17,59.22,1
4,2025-07-29,11.86,1
260,2025-05-16,41.37,1
470,2025-04-26,128.56,1
511,2025-06-17,82.16,1
6,2025-07-07,28.43,1
506,2025-05-12,115.3,0
223,2025-07-25,71.45,1
676,2025-07-18,137.6,1
465,2025-05-31,116.72,1
453,2025-03-04,91.8,1
616,2025-07-02,104.16,1
7,2025-05-14,21.36,1
561,2025-05-13,19.68,1
635,2025-06-30,78.61,1
571,2025-05-02,58.37,1
51,2025-03-28,11.02,1
152,2025-03-13,40.41,1
669,2025-05-13,8.15,1
38,2025-04-09,61.81,1
34,2025-07-12,106.85,1
592,2025-05-31,147.77,1
306,2025-04-11,67.31,1
90,2025-03-20,65.47,1
112,2025-04-19,76.03,1
183,2025-04-04,67.69,0
689,2025-03-27,139.5,1
626,2025-06-30,21.18,1
709,2025-06-02,149.59,1
610,2025-06-15,56.88,0
576,2025-03-21,108.11,1
467,2025-07-09,89.25,0
369,2025-02-24,122.71,1
96,2025-06-01,111.86,1
331,2025-06-26,124.58,1
389,2025-03-19,139.9,1
438,2025-05-07,129.36,1
67,2025-06-21,79.61,1
483,2025-05-11,100.72,1
125,2025-07-27,109.17,1
282,2025-04-07,11.54,0
540,2025-04-12,107.3,1
538,2025-04-10,120.23,1
713,2025-04-27,68.96,1
627,2025-03-08,95.63,1
112,2025-05-09,121.36,1
748,2025-07-08,59.94,1
542,2025-03-13,19.8,1
496,2025-07-28,131.7,1
620,2025-04-23,70.41,0
438,2025-05-14,123.07,1
325,2025-03-27,116.88,1
539,2025-06-24,27.92,1
639,2025-05-03,32.31,1
133,2025-07-03,139.93,1
577,2025-06-17,67.76,1
533,2025-07-27,43.51,1
510,2025-07-14,121.4,1
185,2025-07-13,11.06,1
239,2025-04-18,86.56,1
199,2025-04-30,98.36,1
122,2025-05-03,41.33,1
477,2025-06-20,67.08,1
121,2025-05-17,144.33,1
631,2025-07-03,109.28,1
424,2025-04-21,104.94,0
342,2025-04-13,41.25,1
574,2025-05-23,104.99,1
218,2025-04-20,41.58,1
656,2025-05-18,120.41,1
707,2025-04-30,120.03,1
261,2025-03-02,141.12,1
316,2025-06-25,91.41,1
519,2025-06-10,29.69,1
332,2025-04-14,65.88,1
117,2025-06-11,14.13,1
342,2025-04-12,118.75,1
406,2025-05-03,96.98,1
631,2025-05-14,97.92,1
180,2025-05-12,100.14,1
339,2025-05-05,51.15,1
689,2025-04-21,85.75,1
486,2025-05-22,140.33,1
662,2025-03-31,36.75,1
494,2025-03-11,45.16,1
643,2025-04-28,55.53,1
550,2025-04-30,43.55,1
474,2025-04-29,9.39,1
58,2025-05-10,95.16,1
307,2025-07-11,84.18,1
743,2025-07-28,140.52,1
324,2025-06-29,11.93,1
549,2025-02-28,29.26,1
214,2025-05-10,102.43,1
702,2025-06-20,148.81,1
363,2025-04-22,50.07,0
153,2025-03-31,125.6,1
32,2025-05-12,85.42,1
385,2025-06-06,74.74,1
548,2025-05-19,125.12,1
585,2025-05-22,27.19,1
399,2025-03-21,64.91,1
610,2025-04-17,23.28,1
316,2025-06-27,79.27,1
727,2025-05-16,28.49,1
279,2025-06-02,139.39,1
89,2025-05-05,40.03,1
244,2025-05-21,120.45,1
463,2025-05-14,96.55,1
222,2025-05-27,51.13,1
310,2025-05-04,40.81,1
115,2025-06-04,97.01,1
39,2025-04-07,61.92,1
95,2025-07-04,124.3,1
519,2025-04-04,77.71,1
495,2025-05-06,70.01,1
158,2025-04-20,22.45,1
349,2025-06-25,114.83,1
537,2025-06-24,13.07,1
336,2025-05-10,27.34,1
101,2025-06-05,54.1,1
693,2025-03-07,65.1,1
211,2025-04-06,126.95,1
471,2025-04-12,25.18,1
731,2025-05-30,69.96,1
119,2025-05-15,43.95,1
319,2025-04-04,125.73,1
704,2025-05-17,108.96,1
90,2025-04-25,36.36,1
479,2025-03-14,114.82,1
106,2025-07-20,148.48,1
675,2025-06-11,41.95,1
24,2025-05-05,68.03,1
320,2025-06-28,30.91,1
215,2025-04-12,119.02,1
206,2025-04-04,143.81,1
294,2025-05-27,36.84,1
546,2025-04-21,114.97,1
452,2025-06-22,16.11,1
121,2025-05-25,146.59,1
153,2025-03-16,45.29,0
281,2025-05-16,134.52,1
16,2025-08-06,124.67,1
574,2025-05-07,140.55,1
105,2025-05-22,98.33,1
556,2025-06-16,72.77,1
563,2025-06-16,120.31,0
278,2025-03-20,72.76,1
722,2025-05-23,69.5,1
588,2025-05-01,96.34,1
176,2025-04-20,83.47,1
319,2025-06-16,8.83,1
347,2025-07-18,42.5,1
455,2025-04-19,14.29,1
134,2025-05-21,116.01,1
483,2025-07-19,132.7,1
52,2025-04-25,43.96,1
393,2025-04-18,108.35,1
89,2025-04-26,136.11,1
402,2025-04-02,76.49,1
722,2025-07-02,142.39,1
607,2025-06-30,41.23,1
707,2025-06-22,77.34,0
457,2025-05-08,72.04,1
365,2025-06-22,146.72,1
341,2025-05-07,30.85,0
731,2025-06-18,54.4,1
547,2025-04-21,136.43,1
477,2025-06-12,24.98,1
135,2025-04-03,109.7,1
716,2025-06-12,90.58,1
100,2025-05-13,54.86,1
318,2025-08-01,133.21,1
660,2025-05-07,60.52,1
482,2025-05-21,92.61,1
230,2025-03-11,52.08,1
632,2025-04-04,63.96,1
373,2025-05-31,38.12,1
188,2025-07-13,47.86,1
682,2025-04-10,79.42,1
333,2025-06-11,31.04,1
500,2025-05-06,32.35,1
67,2025-07-14,84.27,1
116,2025-06-11,12.26,1
491,2025-04-28,121.39,1
175,2025-04-29,40.57,1
357,2025-06-19,69.26,1
589,2025-04-25,130.12,1
521,2025-04-29,117.81,1
416,2025-03-28,86.8,1
334,2025-07-27,138.78,1
666,2025-04-18,9.27,1
310,2025-06-19,148.03,1
473,2025-04-26,94.12,1
605,2025-04-19,132.47,1
245,2025-05-28,101.4,1
250,2025-07-04,15.22,1
163,2025-05-16,109.36,1
394,2025-04-18,96.9,1
349,2025-05-21,115.82,1
711,2025-06-26,23.71,1
442,2025-07-13,62.38,1
581,2025-07-01,127.02,1
558,2025-05-29,50.26,1
242,2025-05-19,18.92,1
679,2025-06-12,12.87,1
80,2025-05-12,17.6,1
499,2025-05-25,12.63,1
607,2025-06-26,49.27,1
475,2025-04-07,98.0,1
569,2025-05-28,25.53,1
456,2025-03-24,6.18,1
316,2025-07-08,94.33,1
72,2025-05-06,147.71,1
112,2025-05-23,149.8,1
611,2025-07-02,86.01,1
336,2025-06-24,44.63,0
661,2025-06-26,56.37,1
63,2025-05-23,149.93,1
223,2025-05-28,88.53,1
595,2025-07-07,28.87,1
1,2025-05-11,71.16,1
677,2025-04-05,108.56,1
464,2025-07-25,145.96,1
299,2025-06-29,92.19,1
631,2025-07-23,24.53,1
458,2025-05-10,119.94,1
211,2025-06-28,46.04,1
325,2025-04-01,56.47,1
584,2025-07-19,102.61,1
312,2025-06-15,49.21,0
736,2025-07-02,16.0,1
92,2025-07-26,69.99,1
9,2025-07-11,71.36,1
523,2025-05-01,108.76,1
131,2025-06-24,45.95,1
64,2025-04-24,50.94,1
563,2025-05-13,22.54,1
1,2025-07-03,50.79,1
368,2025-04-25,98.6,1
289,2025-03-07,16.29,1
241,2025-05-17,104.87,1
720,2025-05-17,28.23,1
404,2025-08-06,114.18,1
326,2025-05-17,16.94,1
416,2025-05-02,67.73,1
446,2025-06-16,97.46,1
217,2025-08-10,108.01,1
178,2025-07-01,125.64,1
143,2025-03-17,89.66,1
569,2025-07-04,15.75,1
369,2025-04-14,94.26,1
158,2025-05-02,142.83,0
687,2025-03-31,84.09,0
138,2025-04-30,31.02,1
74,2025-05-24,10.71,1
17,2025-04-22,13.94,0
739,2025-04-22,25.58,1
674,2025-06-12,124.27,1
140,2025-05-15,40.23,1
141,2025-05-23,45.03,1
426,2025-05-05,41.86,1
713,2025-06-17,145.08,1
436,2025-07-08,46.27,1
185,2025-06-23,72.35,0
522,2025-05-15,30.0,1
566,2025-07-14,110.77,0
394,2025-05-25,27.57,1
232,2025-05-06,37.73,1
435,2025-06-07,92.6,1
8,2025-07-28,92.37,1
511,2025-05-09,15.04,1
730,2025-06-03,47.09,1
276,2025-07-10,28.11,1
560,2025-06-04,62.13,1
376,2025-05-07,70.38,1
39,2025-05-24,19.21,1
495,2025-04-19,54.0,1
116,2025-07-11,140.22,1
494,2025-05-19,98.17,1
82,2025-04-21,78.54,1
748,2025-06-25,132.85,1
287,2025-06-22,89.42,1
530,2025-04-20,100.88,1
536,2025-07-18,6.55,1
91,2025-06-18,127.27,1
484,2025-07-12,50.15,1
680,2025-08-04,27.6,1
80,2025-05-26,104.67,1
649,2025-05-22,108.39,1
594,2025-05-03,41.58,1
628,2025-05-18,143.17,1
352,2025-06-11,53.9,1
12,2025-06-20,27.25,1
465,2025-06-13,14.93,1
481,2025-07-20,70.98,1
340,2025-07-10,100.67,1
362,2025-04-20,37.58,1
297,2025-05-25,107.64,1
37,2025-07-03,137.64,1
612,2025-04-23,12.98,1
745,2025-05-11,136.87,1
267,2025-02-26,119.25,1
645,2025-07-09,76.08,1
593,2025-04-28,125.04,1
587,2025-03-29,40.36,1
673,2025-04-11,129.58,1
640,2025-03-28,63.61,1
294,2025-06-23,145.93,1
85,2025-04-08,107.42,1
518,2025-03-12,28.95,0
285,2025-03-31,66.35,1
136,2025-06-23,73.28,0
288,2025-06-06,61.12,1
264,2025-05-06,121.43,1
115,2025-07-04,38.86,0
179,2025-07-03,143.7,1
155,2025-05-14,104.81,1
458,2025-06-01,137.44,1
180,2025-05-21,121.12,0
718,2025-04-27,92.44,1
497,2025-05-10,119.8,1
541,2025-03-25,101.85,1
352,2025-04-14,78.64,1
149,2025-05-23,65.37,1
158,2025-05-29,148.14,1
423,2025-07-04,82.13,1
244,2025-06-27,143.39,1
451,2025-06-06,106.37,0
172,2025-05-24,59.14,0
592,2025-04-28,138.03,0
56,2025-05-12,44.21,1
271,2025-05-28,131.21,1
54,2025-05-04,92.04,1
476,2025-05-24,13.16,1
488,2025-05-13,88.94,1
488,2025-06-12,88.77,1
240,2025-06-01,104.43,1
700,2025-07-06,66.52,1
486,2025-06-20,25.41,1
149,2025-05-14,90.14,1
446,2025-04-09,52.23,1
296,2025-06-21,15.83,0
392,2025-06-12,7.99,0
324,2025-06-25,72.04,1
700,2025-05-23,42.18,1
100,2025-05-23,44.84,1
653,2025-04-26,100.67,1
443,2025-06-20,116.24,1
668,2025-06-10,135.53,1
344,2025-04-30,21.6,1
274,2025-05-26,34.98,1
262,2025-07-13,78.42,1
599,2025-06-02,137.18,1
473,2025-05-31,145.05,0
248,2025-06-12,130.43,1
603,2025-05-27,25.43,1
533,2025-06-20,98.91,1
694,2025-07-23,26.29,1
185,2025-06-05,7.53,1
561,2025-04-09,15.67,1
689,2025-02-20,119.99,1
70,2025-03-25,80.2,1
422,2025-05-22,42.79,1
538,2025-03-28,53.84,1
702,2025-07-05,88.42,1
360,2025-05-16,71.35,1
743,2025-06-08,127.09,1
258,2025-03-26,126.61,1
35,2025-04-21,110.35,1
635,2025-04-22,95.18,1
59,2025-06-22,116.39,1
673,2025-04-01,71.33,1
614,2025-07-04,125.61,1
125,2025-05-15,55.63,1
89,2025-05-19,98.15,0
134,2025-07-05,127.01,1
673,2025-05-26,54.52,1
580,2025-06-03,88.41,0
114,2025-07-28,40.89,1
189,2025-04-08,15.13,1
302,2025-06-18,141.19,1
677,2025-03-26,110.24,1
655,2025-05-15,111.18,1
284,2025-04-30,123.97,1
709,2025-05-29,114.54,1
332,2025-05-16,74.14,1
166,2025-03-07,44.35,1
284,2025-03-14,103.79,1
392,2025-05-06,79.59,1
341,2025-04-19,10.06,1
265,2025-05-29,20.45,0
183,2025-05-10,10.98,1
72,2025-04-22,12.58,1
206,2025-05-28,100.54,1
403,2025-04-09,9.79,1
661,2025-06-04,16.43,1
112,2025-03-15,89.76,1
554,2025-05-15,75.77,1
224,2025-07-31,131.0,0
659,2025-03-24,52.48,1
453,2025-03-27,39.35,1
106,2025-05-19,145.87,1
75,2025-05-07,49.28,1
586,2025-04-26,49.2,1
457,2025-02-21,91.09,1
510,2025-05-31,42.64,1
669,2025-06-19,9.65,1
1,2025-04-27,47.54,1
681,2025-06-11,115.91,1
273,2025-05-23,77.75,1
717,2025-05-30,99.05,1
401,2025-07-02,130.12,1
4,2025-07-15,149.2,0
725,2025-06-23,132.91,1
490,2025-05-17,62.71,1
414,2025-03-09,6.76,1
554,2025-04-18,109.23,1
4,2025-06-29,137.88,1
706,2025-05-10,27.52,1
125,2025-07-11,56.98,1
549,2025-04-12,149.49,1
342,2025-05-26,64.27,1
311,2025-04-12,103.69,1
57,2025-06-25,123.2,1
663,2025-03-28,95.33,1
375,2025-06-15,11.3,0
349,2025-05-05,81.5,1
471,2025-03-31,126.58,0
664,2025-03-27,131.06,1
181,2025-06-10,53.72,1
41,2025-05-16,63.05,1
677,2025-04-10,86.14,1
307,2025-07-28,146.86,1
400,2025-03-20,98.34,1
646,2025-06-14,10.0,1
368,2025-06-12,116.42,1
87,2025-06-02,108.27,1
449,2025-04-11,29.92,1
144,2025-04-19,76.96,1
198,2025-05-01,117.89,1
738,2025-07-31,88.31,1
245,2025-05-11,86.59,0
399,2025-03-06,36.5,1
554,2025-06-11,58.64,1
316,2025-07-20,31.16,1
547,2025-06-07,36.24,1
17,2025-04-08,148.63,1
348,2025-03-01,113.5,1
346,2025-04-12,145.49,1
416,2025-03-30,36.94,1
217,2025-08-09,112.7,1
684,2025-06-07,73.67,1
470,2025-05-19,139.84,1
550,2025-04-07,144.71,0
594,2025-04-23,96.43,1
74,2025-03-07,58.66,1
145,2025-04-30,23.51,1
670,2025-03-20,73.37,1
483,2025-07-12,43.27,0
47,2025-04-17,58.23,0
719,2025-06-23,49.17,1
134,2025-05-19,7.97,1
177,2025-06-08,97.36,1
52,2025-05-21,88.95,1
100,2025-05-13,104.6,1
626,2025-04-28,50.14,1
606,2025-03-10,147.33,1
109,2025-04-01,143.14,1
510,2025-07-27,119.1,1
631,2025-06-08,17.0,1
65,2025-06-11,103.18,1
437,2025-05-20,16.56,1
695,2025-04-28,16.44,1
333,2025-04-29,66.97,1
701,2025-05-24,137.48,1
559,2025-03-27,87.53,0
330,2025-06-15,81.89,1
47,2025-05-31,120.59,1
178,2025-06-13,51.18,1
65,2025-06-01,121.23,1
281,2025-05-20,146.76,1
426,2025-03-29,116.64,1
714,2025-04-22,5.03,1
567,2025-04-02,111.95,1
450,2025-04-06,30.75,1
596,2025-04-08,53.83,1
137,2025-03-03,125.58,0
648,2025-06-22,113.76,1
386,2025-04-02,73.16,1
17,2025-06-05,61.94,1
83,2025-03-15,23.01,1
8,2025-06-07,101.44,1
92,2025-08-04,143.21,1
608,2025-04-04,36.9,1
427,2025-08-12,102.93,1
488,2025-07-02,16.55,1
130,2025-03-25,142.44,1
147,2025-05-14,136.39,1
278,2025-05-07,26.37,1
462,2025-06-29,68.14,1
245,2025-04-01,104.61,1
626,2025-07-04,31.08,0
39,2025-05-28,113.92,0
185,2025-06-28,50.98,0
627,2025-03-12,58.44,1
643,2025-04-08,115.63,1
357,2025-05-26,91.7,1
5,2025-06-01,9.66,1
242,2025-05-21,65.44,1
121,2025-06-27,67.25,0
98,2025-05-18,92.6,1
371,2025-06-16,140.77,1
520,2025-05-04,6.75,1
476,2025-06-22,106.84,1
676,2025-06-14,89.01,1
284,2025-03-13,44.19,1
199,2025-05-14,146.46,1
153,2025-05-22,140.74,0
486,2025-07-20,35.18,1
181,2025-04-21,116.65,1
687,2025-03-20,80.29,0
56,2025-05-12,6.68,1
373,2025-05-17,95.36,1
215,2025-04-26,21.91,1
258,2025-04-13,8.69,1
632,2025-04-29,134.45,1
45,2025-03-27,106.43,1
54,2025-06-20,79.24,1
181,2025-04-21,54.45,1
30,2025-05-09,124.07,0
528,2025-05-21,82.85,1
73,2025-04-20,22.61,1
739,2025-04-16,106.9,1
607,2025-06-24,40.27,1
334,2025-07-09,112.72,1
204,2025-06-21,123.67,0
334,2025-06-15,32.87,1
113,2025-04-10,53.87,1
234,2025-03-13,80.85,1
243,2025-05-06,88.85,1
205,2025-05-28,136.78,1
226,2025-04-10,55.46,1
483,2025-07-07,116.2,1
497,2025-04-23,7.45,1
447,2025-05-30,14.15,1
222,2025-06-07,99.29,1
466,2025-04-09,55.46,1
397,2025-05-31,146.89,0
140,2025-07-02,65.36,1
738,2025-06-10,48.88,1
648,2025-05-20,82.18,1
277,2025-05-19,75.87,1
344,2025-04-12,35.64,1
33,2025-06-01,54.46,1
583,2025-03-26,102.9,1
288,2025-05-19,72.06,1
114,2025-06-28,46.3,1
470,2025-04-16,95.63,1
176,2025-05-24,102.0,1
226,2025-05-08,137.81,0
619,2025-05-26,6.53,0
654,2025-05-21,104.04,1
175,2025-06-05,7.21,1
567,2025-04-10,26.1,1
89,2025-04-24,7.26,1
535,2025-05-08,68.05,1
222,2025-06-04,20.6,1
485,2025-05-14,22.88,1
286,2025-05-09,95.66,1
748,2025-06-12,103.4,1
253,2025-06-04,49.58,1
336,2025-06-16,137.68,1
594,2025-04-22,58.67,1
606,2025-03-21,134.65,1
588,2025-03-31,128.94,1
428,2025-05-10,74.64,1
42,2025-06-24,74.24,1
517,2025-05-09,76.04,1
436,2025-06-26,42.36,1
404,2025-07-18,67.96,1
714,2025-03-18,71.03,1
464,2025-07-20,125.07,1
247,2025-05-23,80.23,1
572,2025-04-28,102.79,1
710,2025-05-26,69.59,1
224,2025-05-30,71.97,1
368,2025-05-18,37.99,1
245,2025-05-31,66.54,1
93,2025-04-24,83.61,1
492,2025-06-10,73.05,1
313,2025-05-29,69.71,1
721,2025-06-09,83.09,1
585,2025-05-19,134.2,1
25,2025-06-21,26.39,1
475,2025-03-14,6.95,1
721,2025-06-02,32.2,1
190,2025-05-07,80.4,1
642,2025-07-12,17.43,1
721,2025-07-02,112.83,0
2,2025-05-14,101.74,1
73,2025-05-09,108.9,1
708,2025-05-13,35.71,1
544,2025-03-05,66.97,0
304,2025-05-30,109.82,1
277,2025-07-22,110.61,1
628,2025-07-20,78.26,1
590,2025-04-16,103.73,1
702,2025-05-19,134.17,0
636,2025-06-18,106.53,1
57,2025-06-10,29.12,1
691,2025-07-04,47.28,1
53,2025-04-12,39.55,1
393,2025-05-28,130.85,1
477,2025-06-19,73.58,1
42,2025-06-10,93.05,1
376,2025-05-25,60.05,1
664,2025-05-12,90.42,1
722,2025-04-25,70.5,0
575,2025-05-26,17.16,1
142,2025-06-26,65.77,1
245,2025-05-18,57.92,1
117,2025-06-07,78.38,1
490,2025-06-05,110.3,1
720,2025-03-29,23.82,1
231,2025-05-11,19.39,1
362,2025-04-17,140.06,1
516,2025-07-20,139.29,1
434,2025-05-10,138.75,1
56,2025-02-27,39.17,1
382,2025-06-02,31.72,1
464,2025-07-19,44.3,1
514,2025-07-21,79.6,1
126,2025-07-03,139.3,1
727,2025-07-19,143.38,0
695,2025-05-15,12.83,1
300,2025-06-18,122.91,1
636,2025-06-23,117.97,1
690,2025-07-26,77.03,1
68,2025-04-01,89.72,1
469,2025-05-17,92.54,1
83,2025-05-04,89.82,0
184,2025-05-26,71.1,1
79,2025-04-28,101.75,0
169,2025-06-19,108.42,1
115,2025-07-16,143.55,1
152,2025-05-08,13.6,1
155,2025-03-17,133.05,1
534,2025-07-09,56.33,1
24,2025-03-30,118.46,1
427,2025-08-11,27.38,1
555,2025-04-24,112.08,1
486,2025-07-01,45.49,1
431,2025-05-16,16.26,1
661,2025-04-05,5.52,1
299,2025-06-04,5.63,1
65,2025-05-19,65.52,1
238,2025-07-18,137.34,1
661,2025-05-15,61.46,0
422,2025-07-23,66.93,1
352,2025-06-26,16.65,1
662,2025-04-24,66.3,1
498,2025-05-21,41.8,1
682,2025-05-27,119.05,0
543,2025-07-20,13.65,1
456,2025-04-29,48.6,1
312,2025-07-02,47.06,1
136,2025-05-15,56.3,1
176,2025-05-14,10.5,1
233,2025-06-24,137.98,0
381,2025-04-28,118.18,1
49,2025-05-09,63.35,1
362,2025-04-19,145.43,1
467,2025-05-17,125.28,0
634,2025-04-17,131.65,1
729,2025-05-21,6.16,1
293,2025-05-11,82.05,1
180,2025-07-15,46.28,1
683,2025-04-12,73.2,1
166,2025-03-28,95.28,1
120,2025-04-28,116.56,1
325,2025-05-06,112.52,1
130,2025-04-24,13.35,1
267,2025-04-07,60.55,1
189,2025-04-02,69.97,1
576,2025-03-03,54.05,1
682,2025-04-08,23.05,0
353,2025-04-11,85.47,1
382,2025-06-15,24.03,1
553,2025-05-11,96.78,1
547,2025-05-19,40.24,1
125,2025-05-03,12.2,1
415,2025-04-25,100.43,1
149,2025-05-05,55.23,1
328,2025-03-11,124.66,1
5,2025-05-30,49.88,1
520,2025-05-18,40.67,1
663,2025-04-23,122.35,1
486,2025-06-24,142.6,1
588,2025-06-24,53.29,1
151,2025-07-27,66.38,1
747,2025-05-27,46.59,0
347,2025-08-06,93.26,1
116,2025-06-28,98.53,1
42,2025-05-12,123.58,1
695,2025-05-17,11.09,1
120,2025-06-01,130.42,1
26,2025-06-21,142.8,1
633,2025-03-27,47.81,1
457,2025-04-05,85.31,1
95,2025-06-19,27.8,1
57,2025-06-22,82.76,1
657,2025-04-04,74.57,1
598,2025-07-22,34.76,1
228,2025-04-18,55.19,1
201,2025-05-18,127.8,1
86,2025-07-07,48.01,1
457,2025-05-16,149.91,1
688,2025-05-18,148.55,1
525,2025-06-21,111.35,1
200,2025-06-14,67.78,1
326,2025-06-15,124.3,0
620,2025-05-22,95.4,1
58,2025-05-29,27.33,1
370,2025-05-15,42.03,1
152,2025-04-29,142.03,1
379,2025-04-20,5.15,1
382,2025-04-20,46.19,1
292,2025-05-05,52.45,1
360,2025-05-27,44.08,1
457,2025-05-01,89.32,1
90,2025-04-10,66.57,1
746,2025-05-23,7.97,1
426,2025-05-03,80.43,1
296,2025-05-15,141.61,1
746,2025-05-21,19.97,1
747,2025-05-24,68.23,1
143,2025-05-07,126.88,1
613,2025-04-27,35.21,1
148,2025-05-17,137.0,1
311,2025-04-21,77.32,0
538,2025-04-26,111.53,1
68,2025-05-22,41.59,1
385,2025-03-29,16.94,1
7,2025-06-04,20.04,1
655,2025-04-21,123.11,1
425,2025-05-08,25.47,1
570,2025-06-06,120.52,1
728,2025-07-15,108.08,1
141,2025-03-27,78.87,1
191,2025-04-18,72.07,1
297,2025-07-13,119.51,1
503,2025-05-09,14.56,1
310,2025-06-25,14.01,1
312,2025-06-23,109.29,1
573,2025-04-27,97.74,1
230,2025-02-24,41.71,1
3,2025-05-19,29.23,1
269,2025-04-08,118.14,1
656,2025-07-13,51.73,1
484,2025-05-08,129.89,1
670,2025-06-11,141.48,1
295,2025-05-19,148.86,1
184,2025-06-21,23.35,1
705,2025-07-24,130.39,1
251,2025-04-06,108.54,1
123,2025-06-01,11.25,1
505,2025-03-02,128.75,1
614,2025-05-30,48.85,1
596,2025-06-03,53.69,1
580,2025-07-05,144.14,1
265,2025-07-15,123.83,1
703,2025-07-01,14.63,1
711,2025-04-27,50.11,1
383,2025-05-24,100.52,1
590,2025-03-23,76.72,1
266,2025-04-08,60.39,1
596,2025-04-10,72.86,1
150,2025-05-10,99.18,1
473,2025-06-02,59.84,1
139,2025-07-02,7.9,1
168,2025-03-08,53.51,1
280,2025-06-26,32.61,0
430,2025-05-20,80.57,0
365,2025-05-20,81.1,1
297,2025-06-10,61.82,1
543,2025-07-31,41.47,1
79,2025-06-19,71.68,1
199,2025-07-19,37.61,1
188,2025-04-27,70.14,1
614,2025-05-05,129.14,1
557,2025-05-23,31.64,1
324,2025-07-15,134.69,1
309,2025-04-19,103.29,1
702,2025-08-06,28.35,1
705,2025-06-18,37.62,1
99,2025-07-07,74.87,1
594,2025-05-09,91.08,1
148,2025-04-22,76.86,1
141,2025-05-07,53.53,1
289,2025-04-20,103.62,1
497,2025-06-08,86.75,1
349,2025-05-15,142.58,1
105,2025-05-23,52.16,0
159,2025-07-08,65.52,0
227,2025-04-21,8.5,1
573,2025-05-16,101.6,1
707,2025-05-31,42.18,0
545,2025-07-21,91.15,1
720,2025-03-17,62.6,1
428,2025-07-02,137.13,0
79,2025-04-29,77.15,1
135,2025-03-25,20.92,1
492,2025-04-30,8.45,1
320,2025-07-05,48.99,1
372,2025-04-21,13.06,1
453,2025-05-09,88.97,1
536,2025-06-13,63.75,1
177,2025-04-27,103.96,1
30,2025-03-23,105.57,0
228,2025-03-30,109.0,1
711,2025-04-30,29.35,1
705,2025-06-01,75.33,1
315,2025-05-27,81.64,1
215,2025-03-18,104.69,1
81,2025-05-19,71.53,0
708,2025-04-15,61.9,1
80,2025-03-02,51.2,1
496,2025-06-25,77.02,1
44,2025-05-25,31.22,1
111,2025-04-01,44.82,1
676,2025-07-23,125.72,1
608,2025-03-06,110.89,1
481,2025-05-23,108.26,1
260,2025-05-20,99.47,1
68,2025-04-15,15.11,1
684,2025-04-03,71.96,1
99,2025-05-15,110.52,1
617,2025-05-23,37.3,1
602,2025-04-18,68.38,1
190,2025-06-14,87.29,0
360,2025-04-21,91.68,1
93,2025-05-10,56.17,1
285,2025-05-12,139.07,1
357,2025-05-18,61.22,1
165,2025-07-14,127.77,1
747,2025-06-18,148.82,1
248,2025-05-21,23.6,1
584,2025-05-02,122.61,1
102,2025-05-15,15.36,1
15,2025-05-05,112.96,1
223,2025-06-04,24.28,1
289,2025-03-25,12.22,1
551,2025-02-22,14.43,1
743,2025-05-15,125.75,1
220,2025-05-04,110.54,1
725,2025-06-21,100.61,1
376,2025-07-31,113.71,1
604,2025-04-08,135.19,1
451,2025-06-11,56.2,0
110,2025-03-26,88.88,1
364,2025-05-27,142.69,1
435,2025-04-18,18.76,0
527,2025-04-04,43.84,1
418,2025-05-10,29.0,1
322,2025-04-15,81.05,0
478,2025-03-26,85.16,1
533,2025-05-25,92.56,1
508,2025-04-25,120.79,1
722,2025-05-23,74.9,1
571,2025-04-11,26.04,1
85,2025-05-03,62.12,1
506,2025-04-26,11.45,1
395,2025-04-27,16.47,1
468,2025-05-17,7.68,1
320,2025-07-04,30.33,1
455,2025-05-11,42.92,1
568,2025-05-19,51.6,1
298,2025-06-07,46.31,1
194,2025-04-24,9.44,1
488,2025-06-30,77.3,1
377,2025-05-07,31.97,0
14,2025-07-12,146.64,1
504,2025-06-02,41.57,1
108,2025-06-11,98.64,1
449,2025-05-23,142.5,1
675,2025-07-28,149.95,1
88,2025-03-27,116.86,1
147,2025-04-13,133.87,1
411,2025-06-09,101.85,1
605,2025-03-11,28.8,1
173,2025-03-22,76.61,1
373,2025-05-06,74.85,1
347,2025-06-04,57.31,1
610,2025-05-24,96.73,1
126,2025-06-02,135.14,1
435,2025-05-24,78.82,1
286,2025-07-21,59.64,1
608,2025-04-02,102.39,1
660,2025-04-29,102.36,1
365,2025-07-13,7.69,1
683,2025-06-09,98.5,1
415,2025-04-24,81.22,0
524,2025-04-21,91.3,1
151,2025-07-13,14.27,1
111,2025-04-12,48.64,1
257,2025-05-18,117.61,1
510,2025-06-10,56.68,1
644,2025-05-04,41.92,0
31,2025-04-07,97.14,1
55,2025-03-23,109.73,1
511,2025-07-04,101.64,1
28,2025-05-25,64.16,1
392,2025-06-03,123.41,1
696,2025-05-31,78.54,1
157,2025-04-11,31.72,1
637,2025-08-01,145.54,1
99,2025-05-09,13.68,0
677,2025-05-22,84.6,1
505,2025-04-22,11.35,1
207,2025-06-12,62.74,1
678,2025-05-19,10.57,1
503,2025-07-07,120.87,1
268,2025-06-01,84.76,1
352,2025-06-12,24.19,1
560,2025-03-25,102.88,0
33,2025-04-29,108.23,1
122,2025-06-18,129.31,1
461,2025-05-22,70.15,1
386,2025-05-08,20.17,1
471,2025-02-26,79.06,1
34,2025-05-10,64.63,1
571,2025-06-29,21.82,1
311,2025-03-13,67.7,1
504,2025-05-02,33.46,1
138,2025-06-07,98.64,1
733,2025-04-22,73.47,1
500,2025-05-17,149.9,0
583,2025-06-13,112.93,1
503,2025-07-27,40.9,1
568,2025-06-23,63.74,0
553,2025-07-03,16.81,1
482,2025-06-21,85.6,1
576,2025-03-19,35.53,1
519,2025-04-08,114.61,1
401,2025-05-23,39.0,1
507,2025-07-16,42.25,1
387,2025-07-14,105.15,1
693,2025-04-05,74.82,1
292,2025-05-02,48.9,1
63,2025-05-15,24.14,0
605,2025-03-03,121.05,1
132,2025-04-10,83.04,1
358,2025-07-30,76.74,1
28,2025-07-22,28.25,1
350,2025-06-17,139.77,1
100,2025-05-09,31.1,1
354,2025-05-01,122.0,1
422,2025-06-23,41.82,1
58,2025-05-28,82.66,1
251,2025-05-04,16.82,1
241,2025-06-13,72.44,0
320,2025-06-22,103.39,1
87,2025-06-10,74.75,1
68,2025-04-16,20.47,0
118,2025-06-20,121.73,1
174,2025-04-24,42.12,1
552,2025-05-29,48.02,1
39,2025-05-10,66.02,0
674,2025-06-11,13.13,1
582,2025-05-06,129.45,1
432,2025-06-16,5.43,1
21,2025-05-29,51.95,0
481,2025-07-22,137.21,0
23,2025-05-07,124.73,1
387,2025-07-09,136.35,0
400,2025-04-17,55.76,1
587,2025-04-04,84.3,1
501,2025-05-28,9.73,0
708,2025-06-26,139.23,1
211,2025-05-15,64.12,1
509,2025-04-28,100.85,1
684,2025-05-15,112.9,1
171,2025-06-17,139.29,1
307,2025-06-15,30.17,0
447,2025-06-06,18.42,1
509,2025-05-15,25.37,1
78,2025-07-08,64.68,1
220,2025-04-06,138.79,1
272,2025-03-08,134.6,1
305,2025-05-25,50.96,1
412,2025-04-10,41.66,1
640,2025-04-05,86.36,1
735,2025-05-10,63.03,1
98,2025-05-14,136.38,1
345,2025-04-16,87.85,1
69,2025-05-16,121.2,1
544,2025-04-30,104.9,1
438,2025-03-24,91.48,1
356,2025-05-25,114.49,1
668,2025-06-14,80.09,1
517,2025-06-12,90.28,0
444,2025-08-03,84.25,1
553,2025-05-31,37.24,1
205,2025-06-02,25.38,1
412,2025-04-14,103.0,0
640,2025-05-29,18.35,1
465,2025-07-03,132.19,1
561,2025-05-01,72.61,1
20,2025-07-19,80.66,1
721,2025-06-17,134.34,1
192,2025-07-06,134.83,1
512,2025-03-19,101.55,1
677,2025-05-15,107.4,1
275,2025-08-06,127.16,1
546,2025-05-29,18.55,1
445,2025-07-20,75.95,1
745,2025-05-19,7.27,1
62,2025-07-12,17.42,1
206,2025-04-26,43.76,1
474,2025-03-26,81.84,1
247,2025-06-01,145.42,1
702,2025-06-16,42.59,1
446,2025-05-30,141.65,1
327,2025-05-24,50.12,1
650,2025-03-24,117.05,1
423,2025-06-19,116.29,1
294,2025-07-13,83.21,1
165,2025-06-12,24.16,1
704,2025-05-17,70.15,1
242,2025-06-17,41.62,1
245,2025-03-24,20.68,1
154,2025-06-09,44.43,1
29,2025-05-17,12.04,1
318,2025-07-04,37.1,1
498,2025-05-17,48.62,1
447,2025-07-05,85.04,1
663,2025-03-21,145.07,0
207,2025-05-26,69.34,1
280,2025-05-28,6.92,1
30,2025-04-10,112.78,1
285,2025-05-22,13.87,1
564,2025-04-21,69.07,1
660,2025-03-14,60.23,1
740,2025-05-05,73.18,1
21,2025-03-08,20.26,1
86,2025-06-09,104.85,1
617,2025-06-04,111.5,1
66,2025-04-15,35.65,1
373,2025-07-05,143.91,1
674,2025-04-29,6.6,1
407,2025-05-17,148.97,1
242,2025-05-11,11.68,1
585,2025-05-09,145.55,1
124,2025-05-03,64.43,1
681,2025-07-06,8.5,1
538,2025-04-16,80.32,1
509,2025-03-06,129.81,0
244,2025-06-19,66.4,1
126,2025-06-13,123.28,1
338,2025-06-19,140.65,0
400,2025-04-06,21.65,0
434,2025-05-02,58.4,1
148,2025-05-04,10.04,1
180,2025-05-15,98.03,1
282,2025-04-21,135.82,1
419,2025-04-08,64.52,1
604,2025-03-23,112.65,0
503,2025-07-11,141.32,1
384,2025-07-03,69.81,1
116,2025-06-07,100.79,1
559,2025-05-03,118.98,1
487,2025-06-02,21.88,1
253,2025-06-08,17.22,1
149,2025-04-23,26.37,1
487,2025-04-23,7.06,1
316,2025-05-20,122.78,1
661,2025-06-19,112.23,1
36,2025-05-19,39.74,1
56,2025-05-18,30.88,1
688,2025-06-06,11.9,0
260,2025-07-24,15.42,1
394,2025-05-19,135.82,1
655,2025-06-15,77.28,1
372,2025-06-30,89.15,1
125,2025-07-07,14.41,1
243,2025-05-10,65.44,1
398,2025-04-09,35.53,1
403,2025-04-19,86.44,1
309,2025-03-27,58.99,1
242,2025-06-04,44.69,1
216,2025-05-27,52.18,1
450,2025-05-25,96.9,1
325,2025-05-15,60.48,1
417,2025-03-22,39.45,1
281,2025-05-12,138.24,1
504,2025-05-07,112.94,1
423,2025-06-27,55.99,1
735,2025-04-20,95.27,1
103,2025-04-04,87.51,1
716,2025-05-17,118.63,1
519,2025-04-09,79.3,1
361,2025-04-14,123.82,1
617,2025-07-06,148.26,1
335,2025-06-10,68.44,1
712,2025-04-29,22.38,0
54,2025-07-04,149.7,1
657,2025-04-03,10.57,1
646,2025-05-13,126.05,1
657,2025-03-28,13.25,1
4,2025-07-01,66.98,0
205,2025-06-29,46.46,1
313,2025-06-18,19.78,1
590,2025-03-31,106.0,1
114,2025-05-20,48.02,1
256,2025-06-15,6.5,1
731,2025-06-16,62.11,1
134,2025-08-02,100.35,1
703,2025-06-23,85.97,1
328,2025-04-18,71.9,1
490,2025-04-09,83.85,1
267,2025-03-13,7.8,1
704,2025-05-16,90.3,1
336,2025-05-28,101.91,1
204,2025-04-06,51.02,0
425,2025-06-02,55.47,1
187,2025-06-07,91.37,0
387,2025-07-09,147.55,1
230,2025-02-23,5.16,0
24,2025-05-03,87.68,1
663,2025-06-03,125.23,1
642,2025-06-12,9.94,1
92,2025-07-11,84.15,1
204,2025-04-29,41.38,1
719,2025-04-22,35.17,1
51,2025-04-25,97.3,1
633,2025-04-22,82.27,1
615,2025-04-08,115.64,1
153,2025-03-07,40.65,1
377,2025-05-06,68.26,1
581,2025-06-03,40.47,1
15,2025-05-05,15.02,1
446,2025-06-05,105.66,1
690,2025-07-01,96.89,1
122,2025-05-28,12.74,1
731,2025-04-20,11.87,1
196,2025-03-30,37.71,0
295,2025-05-29,73.89,1
392,2025-04-03,128.71,1
442,2025-06-14,49.46,1
615,2025-04-02,49.77,1
290,2025-05-22,55.41,1
194,2025-06-08,10.64,1
185,2025-06-17,98.54,1
150,2025-04-03,47.86,0
298,2025-05-17,148.21,1
242,2025-07-15,121.36,1
462,2025-06-08,48.11,1
379,2025-05-15,25.67,1
701,2025-06-02,111.03,1
470,2025-03-04,23.94,1
11,2025-05-25,116.96,1
137,2025-04-01,6.92,1
710,2025-05-24,7.77,1
704,2025-03-29,97.17,1
731,2025-05-13,116.09,1
726,2025-05-03,124.83,1
612,2025-04-17,104.88,0
75,2025-05-10,54.27,1
571,2025-04-13,72.15,1
54,2025-05-25,90.6,1
241,2025-05-22,137.95,1
363,2025-06-30,78.95,1
687,2025-05-30,121.11,1
727,2025-05-17,21.74,1
6,2025-05-23,127.16,1
517,2025-07-23,110.05,1
391,2025-06-02,144.83,1
405,2025-05-28,99.78,1
380,2025-06-03,23.46,1
573,2025-03-04,145.36,1
595,2025-05-09,10.39,1
267,2025-03-12,7.53,1
516,2025-06-26,114.11,0
348,2025-04-22,17.68,1
136,2025-04-17,41.81,1
325,2025-04-30,36.75,1
444,2025-05-29,14.44,1
267,2025-03-05,24.61,1
321,2025-03-01,32.66,1
131,2025-07-20,107.66,1
288,2025-06-17,60.6,1
441,2025-05-02,60.19,1
270,2025-07-14,110.08,1
271,2025-07-19,50.43,1
321,2025-04-20,68.26,0
169,2025-06-24,56.66,1
504,2025-03-27,50.19,0
570,2025-07-01,69.54,1
652,2025-07-03,23.37,1
55,2025-04-08,44.04,1
153,2025-03-02,133.05,0
236,2025-03-31,66.56,1
37,2025-06-05,12.74,1
267,2025-03-11,96.28,1
723,2025-05-05,134.04,1
447,2025-05-26,48.06,1
507,2025-05-07,19.43,1
453,2025-04-08,102.94,1
727,2025-07-22,104.05,1
497,2025-06-14,91.21,1
505,2025-03-08,43.64,1
738,2025-06-04,42.24,1
127,2025-04-04,105.74,1
96,2025-05-20,91.21,1
291,2025-06-02,104.21,1
173,2025-05-18,70.1,1
280,2025-07-22,122.18,1
680,2025-07-24,144.63,1
218,2025-07-02,133.6,1
5,2025-05-28,53.18,0
585,2025-03-29,19.34,1
427,2025-05-25,48.41,0
253,2025-07-06,96.79,1
694,2025-05-08,107.28,1
337,2025-05-21,114.92,1
292,2025-06-17,124.82,1
697,2025-03-23,45.24,1
404,2025-07-04,67.46,1
605,2025-03-11,57.82,1
332,2025-05-03,73.12,1
30,2025-03-18,25.68,1
472,2025-07-01,51.29,1
492,2025-05-14,45.5,0
644,2025-05-21,104.08,1
609,2025-06-03,98.53,1
6,2025-06-02,63.24,1
45,2025-06-05,27.39,1
638,2025-07-08,83.34,1
333,2025-06-25,64.04,0
133,2025-05-13,118.62,1
50,2025-06-25,21.7,1
290,2025-04-07,43.14,1
57,2025-04-15,83.62,1
561,2025-06-24,102.96,1
391,2025-05-06,88.17,0
409,2025-05-23,109.82,1
183,2025-04-14,145.38,1
409,2025-05-02,24.81,1
22,2025-05-01,144.95,1
167,2025-05-06,21.19,1
413,2025-04-23,106.06,0
663,2025-06-08,51.97,1
158,2025-04-11,132.55,1
306,2025-05-01,20.84,0
443,2025-05-12,75.82,1
702,2025-07-25,95.07,1
135,2025-05-07,140.01,1
682,2025-03-11,62.56,1
377,2025-06-19,59.83,1
205,2025-06-11,121.0,0
457,2025-04-09,63.47,1
488,2025-05-09,78.55,1
577,2025-06-30,108.32,1
434,2025-04-16,53.82,1
433,2025-06-05,88.59,0
629,2025-03-21,34.01,1
445,2025-07-28,22.31,1
437,2025-04-18,55.77,1
42,2025-06-29,56.16,1
350,2025-06-28,84.28,1
693,2025-03-19,54.17,1
664,2025-05-28,19.79,1
731,2025-04-13,72.03,1
508,2025-05-16,93.86,1
645,2025-07-31,22.66,1
538,2025-03-25,87.12,1
298,2025-06-12,127.09,1
448,2025-05-08,115.35,1
490,2025-04-30,37.3,1
153,2025-03-12,76.1,1
701,2025-04-19,53.65,1
255,2025-07-01,22.81,1
438,2025-04-04,11.74,1
583,2025-03-25,54.84,1
565,2025-03-29,32.28,1
47,2025-05-21,122.22,1
111,2025-06-01,110.01,1
436,2025-06-11,10.33,0
97,2025-05-10,23.53,0
677,2025-05-28,87.92,1
260,2025-06-29,76.85,1
261,2025-05-07,8.38,1
84,2025-07-01,112.28,1
17,2025-04-18,40.41,1
678,2025-05-15,130.14,1
184,2025-05-13,81.61,0
403,2025-03-23,51.53,1
86,2025-06-22,122.7,1
722,2025-05-25,43.54,1
322,2025-06-14,106.6,1
742,2025-07-09,138.79,1
687,2025-05-11,51.16,1
639,2025-04-21,106.98,1
350,2025-05-23,97.2,0
217,2025-06-10,23.63,1
81,2025-06-11,126.57,1
266,2025-06-13,125.5,1
109,2025-05-12,57.52,1
548,2025-04-30,139.68,1
6,2025-06-10,62.77,1
120,2025-04-24,47.54,1
176,2025-07-03,15.16,1
489,2025-05-18,92.27,1
709,2025-04-25,71.46,1
674,2025-07-04,72.29,1
744,2025-06-03,89.64,1
311,2025-05-10,16.25,1
632,2025-04-17,106.38,1
708,2025-06-26,129.18,1
707,2025-06-19,116.37,1
405,2025-04-11,22.79,1
90,2025-03-30,78.17,1
139,2025-05-19,133.56,1
196,2025-03-10,60.52,1
17,2025-07-02,103.36,1
193,2025-04-28,41.56,1
215,2025-05-02,77.64,0
665,2025-06-03,115.51,1
666,2025-05-09,12.88,1
447,2025-07-31,71.11,1
552,2025-05-12,60.2,1
89,2025-04-10,134.31,0
475,2025-03-15,36.29,1
486,2025-07-11,49.28,1
23,2025-04-11,142.91,1
171,2025-04-19,9.13,1
720,2025-04-28,113.48,0
497,2025-06-16,62.53,1
21,2025-04-27,29.99,1
600,2025-04-17,88.91,1
207,2025-06-12,16.65,1
584,2025-06-13,33.76,1
53,2025-05-10,45.92,1
9,2025-05-07,22.17,1
646,2025-05-12,19.23,1
426,2025-05-10,111.43,1
593,2025-06-22,46.42,1
749,2025-06-06,133.34,1
298,2025-04-18,29.37,1
500,2025-06-23,31.06,0
498,2025-05-11,84.99,1
606,2025-05-19,147.75,1
695,2025-05-09,100.86,1
238,2025-05-20,60.41,1
541,2025-03-23,15.12,1
433,2025-07-01,33.54,1
324,2025-06-28,82.85,1
66,2025-03-28,60.67,1
664,2025-04-24,99.55,1
485,2025-03-30,80.2,1
507,2025-07-20,28.82,1
662,2025-04-27,115.32,1
460,2025-06-06,7.72,0
447,2025-05-14,33.04,1
166,2025-04-03,86.47,1
744,2025-04-26,23.85,1
481,2025-06-21,64.07,1
449,2025-04-16,136.1,1
520,2025-05-04,44.8,1
602,2025-06-19,125.84,0
348,2025-05-10,71.51,1
733,2025-05-27,90.79,1
480,2025-04-17,149.19,1
301,2025-05-01,28.53,1
427,2025-08-10,13.78,1
669,2025-05-15,108.71,1
484,2025-05-13,67.25,1
637,2025-06-09,89.55,0
290,2025-05-24,130.81,1
89,2025-05-27,17.27,0
495,2025-03-19,80.01,1
178,2025-05-27,123.4,1
161,2025-07-19,97.72,1
504,2025-03-20,101.02,1
426,2025-05-10,134.49,0
311,2025-03-22,79.58,1
215,2025-05-12,144.85,1
49,2025-04-23,7.65,1
368,2025-05-14,33.31,1
366,2025-07-23,28.21,1
163,2025-04-07,36.79,1
516,2025-04-28,146.42,1
66,2025-04-06,108.27,1
441,2025-04-10,111.15,1
633,2025-03-28,100.66,1
124,2025-05-08,66.34,1
230,2025-04-24,102.18,1
265,2025-06-08,90.17,1
364,2025-04-14,115.06,1
571,2025-05-10,102.61,0
155,2025-05-18,118.13,1
528,2025-07-23,45.28,1
686,2025-03-23,134.9,1
724,2025-05-12,81.47,1
449,2025-05-15,108.74,1
114,2025-05-13,145.21,1
626,2025-06-24,114.68,1
105,2025-07-06,85.98,1
43,2025-07-17,37.19,1
108,2025-05-13,117.13,1
646,2025-04-02,18.4,1
211,2025-05-18,90.06,0
161,2025-06-09,32.33,1
726,2025-05-05,23.94,1
519,2025-06-03,40.28,1
102,2025-03-21,33.86,1
663,2025-05-02,71.96,0
343,2025-05-25,126.67,1
126,2025-05-29,131.26,1
450,2025-04-28,127.33,1
7,2025-05-14,19.17,1
486,2025-06-30,68.03,1
294,2025-06-25,81.38,1
176,2025-04-21,95.78,1
273,2025-06-20,145.63,0
733,2025-04-26,140.61,1
370,2025-06-14,82.12,0
681,2025-05-24,135.84,1
156,2025-07-02,64.06,1
432,2025-06-11,119.97,1
142,2025-07-08,95.84,1
424,2025-06-07,107.58,1
470,2025-04-29,89.77,0
699,2025-05-05,92.29,1
31,2025-05-21,110.36,1
150,2025-04-01,108.87,1
735,2025-05-02,73.75,1
72,2025-03-01,9.82,1
347,2025-06-19,27.41,1
412,2025-04-03,44.87,1
445,2025-05-16,22.37,1
403,2025-03-22,5.88,1
677,2025-06-07,22.24,1
155,2025-05-03,143.98,0
60,2025-06-08,69.08,1
731,2025-06-17,91.96,1
533,2025-06-14,69.39,1
430,2025-04-20,120.38,1
698,2025-08-10,71.78,1
567,2025-04-19,86.3,1
739,2025-03-31,105.32,1
353,2025-03-25,81.38,1
287,2025-06-30,63.29,0
626,2025-04-25,149.35,1
718,2025-05-18,37.99,1
457,2025-05-12,65.14,1
211,2025-06-10,109.67,1
640,2025-06-12,94.29,1
668,2025-07-02,21.65,1
715,2025-06-04,87.23,1
665,2025-07-06,111.49,1
203,2025-06-05,51.13,1
87,2025-03-18,19.85,1
551,2025-04-05,70.31,1
400,2025-03-23,129.21,1
533,2025-07-16,80.11,1
291,2025-06-06,123.26,1
96,2025-06-28,68.8,1
566,2025-06-26,116.89,1
534,2025-06-02,107.14,1
651,2025-06-03,137.8,1
24,2025-02-24,32.24,1
553,2025-07-05,113.95,1
265,2025-05-26,30.14,1
312,2025-06-14,52.46,1
518,2025-03-17,27.67,1
750,2025-05-09,7.86,1
382,2025-05-22,127.43,1
643,2025-05-04,52.74,1
363,2025-04-29,107.22,1
49,2025-07-13,11.59,1
128,2025-06-25,24.9,1
306,2025-05-12,135.23,1
6,2025-06-18,84.24,1
348,2025-03-24,94.71,1
596,2025-06-14,40.68,1
732,2025-06-25,131.62,1
682,2025-05-06,127.02,1
610,2025-05-02,63.19,1
359,2025-06-26,105.82,1
292,2025-06-15,101.22,1
733,2025-05-16,19.98,1
689,2025-03-08,63.22,1
732,2025-05-24,145.33,1
533,2025-06-08,64.71,1
108,2025-06-02,9.94,1
529,2025-06-18,126.47,1
198,2025-06-13,63.85,1
466,2025-03-30,145.27,0
151,2025-07-09,84.66,1
422,2025-05-20,83.44,1
95,2025-05-16,103.6,1
436,2025-05-06,17.32,1
488,2025-05-02,23.47,0
457,2025-02-28,81.25,1
379,2025-05-27,21.72,0
539,2025-06-02,124.07,1
603,2025-07-13,131.76,1
532,2025-04-19,34.77,1
271,2025-07-27,136.94,0
511,2025-06-29,52.7,1
434,2025-05-31,102.98,1
706,2025-05-11,47.99,1
750,2025-06-24,101.81,1
167,2025-04-05,59.63,1
518,2025-03-19,41.63,0
497,2025-06-14,9.37,0
133,2025-06-20,36.43,1
542,2025-03-17,47.41,1
712,2025-05-23,114.1,1
467,2025-06-25,33.53,1
34,2025-05-08,71.42,1
573,2025-04-15,8.5,1
122,2025-07-16,110.95,0
419,2025-03-21,103.42,1
124,2025-04-14,20.69,1
586,2025-05-01,80.86,1
42,2025-06-30,110.36,1
157,2025-03-19,63.52,1
381,2025-05-01,37.81,1
384,2025-05-13,88.36,1
302,2025-06-21,35.21,1
29,2025-05-04,32.49,1
146,2025-05-29,102.76,1
432,2025-05-19,86.42,1
313,2025-06-14,146.01,1
221,2025-05-10,65.6,1
501,2025-05-16,74.12,0
126,2025-07-13,109.98,1
358,2025-05-25,68.98,1
46,2025-05-17,9.69,1
493,2025-06-25,85.3,1
318,2025-07-17,34.22,1
464,2025-06-30,12.81,1
387,2025-06-26,68.88,1
738,2025-08-02,113.09,1
136,2025-04-23,117.02,1
517,2025-07-25,112.38,1
472,2025-06-04,55.06,1
684,2025-05-29,135.49,1
153,2025-04-06,55.78,1
92,2025-07-31,9.2,1
681,2025-07-11,67.53,1
420,2025-06-03,46.95,1
239,2025-05-01,68.45,0
348,2025-05-02,143.35,1
47,2025-06-10,140.2,1
454,2025-05-08,134.86,1
662,2025-03-25,55.09,1
170,2025-03-31,66.56,1
586,2025-06-13,132.26,1
725,2025-05-31,124.4,1
575,2025-07-21,53.46,1
127,2025-05-12,37.83,1
573,2025-03-09,88.91,1
198,2025-07-16,120.37,1
555,2025-06-20,51.08,1
55,2025-05-26,132.42,1
535,2025-03-31,38.32,1
488,2025-06-08,121.66,1
20,2025-05-15,19.63,1
675,2025-07-10,70.57,1
185,2025-04-28,35.32,1
282,2025-03-22,27.66,0
252,2025-07-17,117.92,1
455,2025-04-23,105.08,1
547,2025-06-27,138.88,1
329,2025-06-21,121.47,1
604,2025-03-21,51.98,1
504,2025-03-10,118.48,1
349,2025-06-19,89.64,1
185,2025-06-18,142.24,1
25,2025-06-30,121.45,1
325,2025-04-11,59.65,1
264,2025-05-16,69.76,1
118,2025-05-20,20.13,1
555,2025-04-29,55.4,1
293,2025-05-06,126.44,1
188,2025-05-17,66.57,1
92,2025-06-01,79.44,1
315,2025-07-02,85.28,1
695,2025-03-29,80.19,1
61,2025-05-22,68.42,1
334,2025-06-09,138.95,1
28,2025-05-10,124.01,1
306,2025-04-18,136.39,1
102,2025-04-11,42.2,1
146,2025-05-06,144.98,1
332,2025-05-17,137.41,1
385,2025-04-02,74.53,0
54,2025-05-08,145.57,1
246,2025-07-12,30.47,1
601,2025-04-08,146.44,1
505,2025-04-28,129.96,0
517,2025-06-23,134.62,1
118,2025-06-11,109.15,1
63,2025-06-21,95.09,1
476,2025-06-12,129.98,1
417,2025-03-26,23.52,1
496,2025-05-04,103.29,1
418,2025-07-16,52.99,1
240,2025-04-16,72.67,1
276,2025-07-28,53.74,1
601,2025-06-03,72.51,1
104,2025-04-04,42.27,1
569,2025-08-07,56.55,1
129,2025-04-14,30.49,1
582,2025-04-23,14.8,1
457,2025-03-01,92.75,1
652,2025-07-11,81.79,1
209,2025-04-30,10.68,0
383,2025-05-28,18.78,1
173,2025-04-14,24.34,1
551,2025-04-17,79.05,1
569,2025-07-12,94.42,1
43,2025-05-14,117.52,1
476,2025-06-21,35.83,1
297,2025-07-26,6.13,1
172,2025-04-28,51.79,1
62,2025-07-07,143.73,1
280,2025-07-26,148.58,1
257,2025-06-12,40.1,1
390,2025-05-28,112.37,1
648,2025-05-02,14.93,1
600,2025-05-21,119.74,1
289,2025-03-09,87.62,1
166,2025-05-05,126.47,0
577,2025-04-23,10.93,1
308,2025-05-07,133.29,1
405,2025-06-01,94.6,0
126,2025-05-21,98.73,1
743,2025-07-13,110.65,1
287,2025-06-18,147.93,1
216,2025-07-24,91.69,1
517,2025-06-14,54.15,1
699,2025-05-02,133.75,1
651,2025-06-16,95.59,1
725,2025-06-18,35.42,0
280,2025-06-11,106.78,1
679,2025-04-29,67.48,0
350,2025-05-26,34.83,1
471,2025-05-09,49.63,1
337,2025-05-20,72.94,0
709,2025-03-22,133.87,1
662,2025-03-14,66.32,1
624,2025-06-27,7.49,1
5,2025-03-23,132.57,1
689,2025-03-13,59.38,1
424,2025-06-26,6.8,1
714,2025-05-07,71.76,0
403,2025-05-25,134.63,0
84,2025-07-20,133.34,1
667,2025-03-10,98.01,1
552,2025-04-21,44.53,1
688,2025-07-02,106.59,1
689,2025-03-06,12.11,1
362,2025-05-01,23.65,1
616,2025-06-01,30.84,1
397,2025-05-06,125.47,1
714,2025-03-07,105.45,1
128,2025-06-27,146.13,1
380,2025-06-11,127.65,0
456,2025-03-03,130.38,1
227,2025-03-30,99.29,1
288,2025-07-28,5.82,1
727,2025-06-26,137.84,0
197,2025-05-18,37.74,1
629,2025-05-17,143.48,1
311,2025-03-20,62.07,1
240,2025-06-16,119.58,1
372,2025-04-08,118.58,1
288,2025-07-04,41.54,1
721,2025-06-28,16.28,1
215,2025-03-02,26.48,1
201,2025-08-05,65.99,1
406,2025-03-06,143.4,1
285,2025-05-10,142.96,1
513,2025-07-03,28.97,0
175,2025-06-02,130.93,1
199,2025-07-23,105.52,1
580,2025-08-05,7.13,1
699,2025-06-05,18.27,1
579,2025-05-05,84.97,1
67,2025-07-29,7.29,1
132,2025-03-03,132.43,1
131,2025-06-20,83.45,0
584,2025-05-23,22.39,1
536,2025-06-05,23.61,1
197,2025-08-01,89.9,1
24,2025-05-20,5.54,1
695,2025-05-15,83.04,1
630,2025-04-16,97.46,1
698,2025-07-23,83.38,1
465,2025-04-09,32.1,1
438,2025-05-19,104.39,1
690,2025-07-21,22.8,1
54,2025-05-24,44.16,1
443,2025-05-25,63.11,1
281,2025-05-17,5.19,1
697,2025-05-13,108.68,1
478,2025-05-14,84.24,1
371,2025-06-13,140.67,1
45,2025-04-11,43.44,1
49,2025-05-26,69.14,1
431,2025-05-28,80.05,1
460,2025-04-18,99.51,1
6,2025-06-10,14.14,1
200,2025-05-25,7.26,1
84,2025-07-10,58.36,1
26,2025-05-29,147.01,1
707,2025-05-18,43.46,1
77,2025-04-07,79.1,1
202,2025-04-06,94.36,1
338,2025-05-15,88.62,1
65,2025-08-05,11.17,1
641,2025-05-05,71.85,1
29,2025-06-16,72.85,1
443,2025-04-06,119.72,1
607,2025-06-30,56.95,1
343,2025-06-09,110.84,1
254,2025-03-18,145.66,0
485,2025-04-15,120.63,1
349,2025-05-01,118.31,1
342,2025-05-05,91.24,1
243,2025-03-24,52.37,1
615,2025-05-24,70.82,1
450,2025-03-18,34.28,1
641,2025-06-19,103.28,1
593,2025-04-22,63.14,1
88,2025-03-19,13.33,1
35,2025-06-05,120.34,1
321,2025-05-23,60.62,1
67,2025-05-31,71.39,1
64,2025-05-03,87.7,1
57,2025-05-14,126.8,1
626,2025-06-26,51.9,1
443,2025-04-11,106.46,1
105,2025-07-21,95.06,0
58,2025-05-15,48.37,1
54,2025-05-20,124.09,1
391,2025-06-15,109.11,1
99,2025-07-18,49.38,1
421,2025-05-27,107.28,0
614,2025-07-07,37.6,1
639,2025-03-20,41.32,1
465,2025-05-28,63.47,1
476,2025-05-27,44.21,1
636,2025-07-25,57.26,0
104,2025-04-16,118.53,1
667,2025-05-26,131.5,1
27,2025-07-10,134.14,1
530,2025-05-22,72.36,1
602,2025-04-17,44.52,0
111,2025-04-10,125.13,0
13,2025-06-08,52.02,1
731,2025-04-02,52.98,0
608,2025-03-23,53.3,1
587,2025-04-08,63.53,1
653,2025-05-16,33.04,1
263,2025-04-29,128.16,1
432,2025-07-13,133.94,1
743,2025-07-21,94.43,1
456,2025-03-25,47.96,1
249,2025-03-08,120.9,1
46,2025-04-01,73.15,1
131,2025-06-26,111.37,1
599,2025-06-07,81.18,1
526,2025-06-16,148.8,1
367,2025-05-14,97.07,1
598,2025-07-24,118.84,1
150,2025-04-18,114.61,1
481,2025-06-16,64.62,1
618,2025-06-09,118.72,1
299,2025-06-27,135.48,1
9,2025-06-29,135.59,1
601,2025-06-01,100.63,1
695,2025-03-26,76.72,1
59,2025-05-07,78.04,1
520,2025-06-16,58.55,1
56,2025-04-14,87.92,1
353,2025-04-18,28.25,1
206,2025-05-31,60.29,1
207,2025-05-14,136.5,1
350,2025-05-24,97.01,1
684,2025-06-01,82.4,1
712,2025-07-23,38.89,1
479,2025-05-24,61.68,1
710,2025-05-16,95.71,1
593,2025-06-18,44.9,1
344,2025-06-13,117.42,1
307,2025-06-22,99.18,1
337,2025-06-07,88.48,1
108,2025-06-19,23.35,1
44,2025-07-02,81.9,1
225,2025-03-30,140.69,1
655,2025-04-15,27.04,1
710,2025-05-03,19.57,1
478,2025-05-30,107.39,0
219,2025-04-02,80.69,1
493,2025-05-25,88.58,1
385,2025-04-13,109.55,1
410,2025-05-03,86.94,1
7,2025-05-29,65.85,1
11,2025-04-04,10.8,1
367,2025-04-08,91.9,1
569,2025-05-30,46.6,1
146,2025-04-21,86.61,1
451,2025-04-10,18.87,1
647,2025-06-09,30.22,1
369,2025-02-25,46.23,1
31,2025-04-20,87.34,0
203,2025-06-03,44.56,1
179,2025-05-17,12.55,1
269,2025-03-23,104.19,1
348,2025-05-03,40.48,1
252,2025-05-26,89.53,1
201,2025-05-18,11.91,1
181,2025-05-04,141.57,1
104,2025-03-06,127.52,0
694,2025-05-13,78.26,1
389,2025-06-02,63.2,1
114,2025-06-12,132.02,1
216,2025-06-15,82.63,0
468,2025-04-01,20.59,1
379,2025-04-18,28.1,1
677,2025-04-07,36.67,1
540,2025-05-09,85.99,1
445,2025-05-17,130.18,1
122,2025-05-18,109.57,1
134,2025-06-11,133.06,1
197,2025-07-14,37.3,1
388,2025-06-20,68.85,1
384,2025-05-15,41.6,1
614,2025-06-07,127.68,1
652,2025-06-08,113.98,1
48,2025-06-15,108.89,1
602,2025-04-17,148.16,1
549,2025-04-04,105.87,1
153,2025-04-06,41.35,1
254,2025-03-11,61.57,1
645,2025-06-14,111.27,1
130,2025-05-03,114.05,1
599,2025-06-14,34.29,1
215,2025-03-12,112.7,1
482,2025-07-15,12.25,1
630,2025-03-23,63.97,1
172,2025-07-02,97.86,1
398,2025-06-29,18.4,0
522,2025-05-08,117.88,1
511,2025-06-14,81.13,1
476,2025-04-25,126.41,1
330,2025-07-05,30.01,1
539,2025-07-09,9.58,1
495,2025-05-05,111.48,1
486,2025-06-21,37.09,1
596,2025-05-24,36.62,1
654,2025-05-17,86.14,1
666,2025-04-13,144.75,0
213,2025-06-07,87.67,1
208,2025-06-20,142.88,1
241,2025-05-12,5.82,1
224,2025-06-22,86.69,1
436,2025-06-07,58.23,1
586,2025-04-14,79.87,1
384,2025-05-07,51.63,1
564,2025-04-09,21.05,1
138,2025-05-09,125.26,1
303,2025-06-13,110.39,1
532,2025-04-14,102.29,1
236,2025-05-21,101.77,1
43,2025-07-12,57.69,1
525,2025-07-20,48.3,1
345,2025-05-06,67.84,1
462,2025-07-06,146.33,1
443,2025-05-25,49.85,1
377,2025-06-17,124.33,1
325,2025-03-28,93.89,1
392,2025-03-21,54.72,1
184,2025-06-15,33.77,1
240,2025-05-17,94.05,1
661,2025-04-12,26.03,1
368,2025-04-21,96.03,1
302,2025-06-23,7.66,1
526,2025-06-02,105.25,1
660,2025-03-19,67.37,1
284,2025-04-05,80.56,0
101,2025-04-15,28.56,1
74,2025-04-18,76.23,1
40,2025-06-06,113.75,1
206,2025-04-22,60.35,1
202,2025-06-10,40.41,1
338,2025-05-08,73.64,1
310,2025-07-08,115.93,1
282,2025-03-20,90.95,1
723,2025-05-23,20.77,1
142,2025-07-23,113.8,1
268,2025-03-25,19.58,1
307,2025-06-05,78.55,0
355,2025-06-06,30.9,0
416,2025-05-28,59.54,1
672,2025-04-18,65.05,1
484,2025-07-15,35.96,1
525,2025-05-21,128.91,0
408,2025-05-28,51.14,1
233,2025-05-20,120.01,1
486,2025-06-16,19.56,0
529,2025-06-19,16.32,1
566,2025-07-16,66.47,1
740,2025-05-02,35.92,1
349,2025-05-05,144.16,1
321,2025-03-20,80.83,1
440,2025-06-15,134.32,0
428,2025-05-31,119.01,1
450,2025-05-02,143.74,1
572,2025-04-30,74.38,1
384,2025-04-22,76.33,1
592,2025-03-31,102.21,1
313,2025-05-10,55.24,1
512,2025-05-15,87.02,1
364,2025-05-22,22.0,1
231,2025-05-23,128.4,0
436,2025-07-16,146.02,1
414,2025-05-28,25.26,1
551,2025-04-01,62.99,1
334,2025-07-31,82.03,1
24,2025-05-04,66.7,1
33,2025-03-22,85.74,1
158,2025-05-08,145.0,1
582,2025-05-21,85.27,0
618,2025-07-13,95.56,1
588,2025-05-20,47.93,1
391,2025-05-21,130.66,1
401,2025-04-28,144.6,1
548,2025-06-16,43.91,1
193,2025-06-24,113.91,1
112,2025-04-08,19.48,1
584,2025-06-20,64.67,1
655,2025-04-25,75.62,1
96,2025-05-15,66.7,1
107,2025-06-20,62.31,1
567,2025-04-03,54.09,1
33,2025-06-01,129.8,1
618,2025-06-28,136.75,1
28,2025-05-26,135.42,1
204,2025-04-04,89.39,1
396,2025-04-11,52.25,1
211,2025-05-01,47.4,1
299,2025-08-03,115.88,1
537,2025-05-24,126.63,1
466,2025-03-25,82.16,0
378,2025-05-05,103.78,1
12,2025-05-12,108.18,0
335,2025-06-04,41.03,1
401,2025-05-10,63.06,1
114,2025-05-16,23.17,1
550,2025-05-11,86.92,1
490,2025-03-31,119.71,1
399,2025-03-24,15.71,1
134,2025-06-13,58.17,1
318,2025-06-30,14.41,1
727,2025-08-05,135.71,1
487,2025-03-27,120.58,1
619,2025-07-18,34.96,1
318,2025-07-20,125.28,1
208,2025-06-27,88.38,1
734,2025-07-19,92.49,1
470,2025-03-29,22.23,1
207,2025-05-06,69.34,1
147,2025-04-20,22.39,1
66,2025-04-14,87.61,1
620,2025-04-18,70.6,0
539,2025-05-24,12.22,1
583,2025-05-20,98.89,1
472,2025-06-06,90.46,1
590,2025-03-26,145.8,1
94,2025-05-31,142.11,1
662,2025-05-11,130.88,1
356,2025-08-13,96.78,1
729,2025-04-21,28.32,1
401,2025-07-07,12.61,1
180,2025-06-10,138.57,1
256,2025-05-02,14.46,1
633,2025-04-23,128.34,1
469,2025-06-24,56.55,1
675,2025-05-26,22.13,1
716,2025-06-25,117.87,1
98,2025-04-19,125.69,1
716,2025-04-19,138.48,0
246,2025-05-17,27.52,1
281,2025-07-21,148.53,1
551,2025-03-31,87.95,1
683,2025-04-01,119.5,1
715,2025-05-18,33.12,1
506,2025-06-03,132.14,1
567,2025-03-27,94.55,0
378,2025-03-09,111.6,1
108,2025-06-25,127.76,1
334,2025-07-08,10.24,1
462,2025-05-29,115.71,0
259,2025-06-02,45.04,1
519,2025-04-06,86.72,1
474,2025-03-11,113.25,1
75,2025-07-18,96.55,1
712,2025-07-21,67.72,1
473,2025-04-23,133.24,1
352,2025-05-25,103.56,1
200,2025-06-02,73.96,1
39,2025-03-14,51.87,1
257,2025-03-31,114.15,1
727,2025-05-29,110.32,1
335,2025-07-07,84.35,1
476,2025-06-04,146.5,1
473,2025-03-14,35.11,0
85,2025-06-01,30.35,1
673,2025-04-05,26.78,1
731,2025-05-20,26.83,0
144,2025-06-14,86.93,1
286,2025-05-28,25.35,1
175,2025-03-26,107.23,1
622,2025-03-08,40.68,1
182,2025-04-19,65.58,1
128,2025-07-06,27.33,1
401,2025-05-11,146.33,1
80,2025-05-24,117.11,1
12,2025-07-16,60.33,1
280,2025-05-30,43.97,1
452,2025-05-13,132.98,0
183,2025-04-11,19.58,1
732,2025-04-10,146.97,1
692,2025-06-30,105.44,1
222,2025-05-16,56.67,1
714,2025-03-12,129.16,1
651,2025-07-19,48.05,1
657,2025-06-03,56.95,1
734,2025-07-16,114.92,1
106,2025-07-03,44.79,1
707,2025-05-03,146.47,1
455,2025-04-19,122.42,1
613,2025-04-16,114.5,1
50,2025-05-22,146.72,1
207,2025-06-06,56.06,1
384,2025-05-05,124.51,1
205,2025-04-21,59.37,1
17,2025-05-27,126.16,1
29,2025-04-17,121.32,0
346,2025-05-01,9.65,1
697,2025-06-01,54.95,1
65,2025-06-14,74.5,1
99,2025-07-24,87.2,1
172,2025-05-19,99.95,1
46,2025-05-17,140.2,1
525,2025-05-15,105.39,0
335,2025-05-24,77.73,1
576,2025-05-18,29.76,1
195,2025-05-26,62.17,0
213,2025-07-18,127.92,1
405,2025-04-27,88.22,1
124,2025-03-27,43.17,1
219,2025-03-16,103.3,1
366,2025-06-08,122.25,1
178,2025-05-03,71.88,1
412,2025-06-04,54.42,0
324,2025-04-20,106.02,1
399,2025-03-25,79.02,1
470,2025-03-22,58.97,1
68,2025-05-31,139.06,1
286,2025-07-30,48.56,1
639,2025-05-05,17.02,1
45,2025-03-22,73.18,1
224,2025-07-05,43.28,1
309,2025-05-31,106.99,1
512,2025-03-05,114.97,1
730,2025-06-07,83.92,1
583,2025-04-09,82.87,0
258,2025-03-14,13.48,1
615,2025-04-16,86.45,1
647,2025-06-24,125.84,1
398,2025-07-03,119.59,1
711,2025-04-29,61.19,1
341,2025-05-04,85.25,0
651,2025-08-10,32.09,1
326,2025-06-23,88.05,1
494,2025-02-28,139.76,1
344,2025-03-29,14.73,1
624,2025-07-11,62.18,0
460,2025-04-26,67.5,1
524,2025-06-06,57.98,1
239,2025-05-15,124.12,1
602,2025-03-25,50.89,0
239,2025-03-14,27.2,1
632,2025-03-17,56.68,1
317,2025-05-11,19.43,1
439,2025-06-15,77.63,1
635,2025-04-21,83.57,1
62,2025-05-24,99.26,0
384,2025-06-07,17.4,1
304,2025-05-01,127.44,1
156,2025-06-13,16.41,1
210,2025-07-05,35.41,1
39,2025-04-12,141.39,1
743,2025-07-18,105.95,1
455,2025-05-25,22.19,1
138,2025-06-03,5.85,1
326,2025-06-20,45.25,1
41,2025-06-02,41.32,1
425,2025-07-07,128.26,1
296,2025-04-28,26.12,1
235,2025-04-04,35.08,1
351,2025-04-10,98.76,1
211,2025-06-10,60.7,1
56,2025-05-15,141.0,1
255,2025-07-22,6.45,1
713,2025-04-29,62.8,1
623,2025-06-22,68.26,1
534,2025-05-31,22.56,1
188,2025-06-10,78.61,1
645,2025-05-10,148.71,1
67,2025-07-16,131.12,1
72,2025-03-15,126.22,1
54,2025-07-03,142.42,1
145,2025-03-25,9.99,1
129,2025-03-18,33.22,1
178,2025-07-16,46.73,1
563,2025-06-02,104.3,1
242,2025-06-30,83.75,0
81,2025-05-19,67.7,1
743,2025-07-01,145.56,1
319,2025-04-20,65.7,1
739,2025-03-16,140.18,1
251,2025-05-27,25.8,0
181,2025-06-17,30.29,1
255,2025-06-03,59.45,1
293,2025-06-30,119.57,1
460,2025-05-29,109.35,1
207,2025-06-09,86.9,1
493,2025-04-23,69.47,0
369,2025-04-11,124.45,1
387,2025-05-18,14.05,1
483,2025-06-19,137.18,1
433,2025-06-22,126.53,1
625,2025-05-15,87.66,1
160,2025-05-13,103.31,1
21,2025-04-18,39.02,1
438,2025-03-08,107.09,1
308,2025-07-11,72.32,1
551,2025-03-13,25.44,1
567,2025-04-03,113.38,1
264,2025-06-22,38.02,1
475,2025-04-05,67.84,1
465,2025-05-15,68.41,1
385,2025-05-28,104.09,1
621,2025-05-16,102.7,0
74,2025-04-14,55.39,1
140,2025-07-04,87.86,1
201,2025-06-04,99.48,1
195,2025-03-08,71.6,1
14,2025-06-20,99.52,1
748,2025-06-05,31.6,1
504,2025-04-28,141.14,1
426,2025-04-27,138.58,1
383,2025-05-08,40.92,1
502,2025-05-02,13.02,1
657,2025-05-25,147.71,1
73,2025-05-12,85.47,1
40,2025-04-13,33.67,1
395,2025-06-02,101.71,1
167,2025-04-11,140.44,1
447,2025-06-13,19.85,1
740,2025-04-17,103.05,1
522,2025-05-23,119.7,1
651,2025-08-10,38.33,1
378,2025-05-28,63.88,1
60,2025-06-11,9.66,1
395,2025-05-15,99.55,1
253,2025-06-04,5.38,1
490,2025-03-27,90.33,1
371,2025-06-27,118.95,1
724,2025-07-31,129.28,1
29,2025-07-14,121.87,1
682,2025-05-20,122.9,0
152,2025-04-08,53.68,1
620,2025-05-15,100.46,1
698,2025-05-31,76.64,1
261,2025-03-25,131.51,1
617,2025-07-10,106.61,1
679,2025-04-08,111.38,1
13,2025-04-07,63.66,1
95,2025-07-30,141.01,1
729,2025-05-02,84.89,1
408,2025-07-13,58.78,1
83,2025-05-20,64.55,1
194,2025-06-09,93.41,1
170,2025-05-21,71.6,1
259,2025-08-03,105.64,1
310,2025-06-15,134.86,1
546,2025-06-04,142.96,1
392,2025-06-01,119.22,1
316,2025-07-09,34.81,1
746,2025-04-08,110.31,1
112,2025-05-17,106.82,1
587,2025-05-06,50.27,1
147,2025-03-28,110.93,1
215,2025-04-21,108.63,1
716,2025-05-23,116.78,1
7,2025-05-04,34.72,1
504,2025-03-08,86.23,1
100,2025-03-24,135.91,1
714,2025-04-28,66.06,1
538,2025-05-07,61.26,1
671,2025-03-27,47.81,1
442,2025-06-09,62.12,1
181,2025-05-18,35.03,1
191,2025-03-18,6.17,1
203,2025-06-29,95.75,1
187,2025-06-21,71.06,1
113,2025-04-26,98.9,1
581,2025-06-15,41.79,1
191,2025-03-26,94.71,1
61,2025-03-28,107.24,1
197,2025-06-09,81.24,1
419,2025-05-02,91.25,1
642,2025-08-01,14.38,1
112,2025-05-17,51.67,1
171,2025-04-10,35.22,1
301,2025-03-23,12.54,1
387,2025-05-12,81.43,1
284,2025-03-15,149.95,1
351,2025-03-13,61.11,1
600,2025-04-16,32.59,1
490,2025-05-24,87.98,1
689,2025-03-03,120.05,1
10,2025-05-12,147.47,1
273,2025-05-04,89.05,1
682,2025-05-12,36.21,1
43,2025-05-26,39.95,1
217,2025-07-23,141.96,1
8,2025-07-03,100.93,1
618,2025-07-02,131.38,1
273,2025-07-05,63.63,1
485,2025-04-28,123.16,0
619,2025-06-29,106.91,1
345,2025-04-29,78.32,1
699,2025-05-02,98.8,1
323,2025-05-13,101.69,0
370,2025-06-19,104.66,1
409,2025-06-08,33.82,1
626,2025-04-14,33.18,1
365,2025-06-25,34.96,1
103,2025-03-15,23.01,0
468,2025-05-30,145.11,0
412,2025-03-30,10.67,0
27,2025-07-29,149.63,0
126,2025-07-10,102.29,1
287,2025-07-22,22.73,1
255,2025-06-12,13.65,1
463,2025-06-24,148.72,1
703,2025-07-25,24.02,0
487,2025-05-11,147.7,1
424,2025-07-09,130.4,1
193,2025-04-25,60.3,1
654,2025-04-14,11.48,1
18,2025-07-10,12.8,0
369,2025-02-25,100.95,1
334,2025-08-11,109.01,1
455,2025-05-12,141.38,1
622,2025-04-27,55.47,1
410,2025-06-27,107.1,1
84,2025-06-11,135.04,1
439,2025-07-14,25.55,1
675,2025-07-31,94.77,1
103,2025-05-03,62.56,1
301,2025-05-29,112.0,1
200,2025-05-01,75.17,1
533,2025-07-20,143.31,1
734,2025-06-26,41.69,0
33,2025-03-21,62.41,1
510,2025-05-23,93.78,1
309,2025-06-10,99.77,1
562,2025-06-06,90.9,1
173,2025-05-10,149.3,1
119,2025-07-15,97.55,1
679,2025-05-27,66.38,1
247,2025-06-13,145.91,1
217,2025-06-08,63.76,0
676,2025-08-16,28.15,1
92,2025-05-26,136.79,1
446,2025-04-11,146.02,1
165,2025-06-21,27.65,1
393,2025-05-17,104.1,1
226,2025-05-03,57.1,1
682,2025-04-28,97.75,1
687,2025-03-30,21.37,0
682,2025-03-16,33.85,1
548,2025-07-18,133.34,1
743,2025-07-04,40.79,1
93,2025-07-19,133.43,1
341,2025-05-10,113.2,0
590,2025-06-05,149.97,1
67,2025-08-05,124.85,0
352,2025-05-22,59.33,1
735,2025-04-14,21.56,1
670,2025-06-08,128.77,1
576,2025-04-23,131.69,1
239,2025-04-09,102.69,1
266,2025-04-02,12.01,1
298,2025-04-25,65.59,1
115,2025-04-29,8.18,0
349,2025-07-09,135.9,1
193,2025-05-09,88.71,1
587,2025-05-09,43.38,1
131,2025-06-27,102.73,1
390,2025-06-26,70.84,1
2,2025-04-03,60.29,1
64,2025-05-22,56.52,1
549,2025-03-22,77.39,1
398,2025-06-01,145.39,1
328,2025-04-07,131.59,1
696,2025-05-06,90.75,1
533,2025-07-31,85.76,1
617,2025-07-11,60.34,1
228,2025-03-27,128.66,1
405,2025-03-05,31.14,1
552,2025-06-15,35.53,1
324,2025-05-07,83.08,1
304,2025-05-04,15.48,1
512,2025-05-18,114.91,0
467,2025-05-14,135.5,0
616,2025-05-23,120.74,1
150,2025-06-24,23.64,1
720,2025-03-07,13.11,1
614,2025-05-24,74.86,1
317,2025-06-14,12.58,1
706,2025-03-25,48.68,1
281,2025-07-14,61.5,1
490,2025-06-11,72.67,1
221,2025-06-19,130.15,1
299,2025-06-28,57.72,0
61,2025-04-16,87.83,1
157,2025-03-30,76.91,1
231,2025-06-28,54.4,1
54,2025-05-05,114.6,1
500,2025-06-22,130.45,1
307,2025-07-23,89.29,1
164,2025-05-05,43.58,1
562,2025-05-28,146.99,1
346,2025-05-31,140.86,1
695,2025-05-07,134.66,1
357,2025-05-23,50.17,1
401,2025-04-29,50.97,1
541,2025-04-26,136.35,1
290,2025-05-25,19.82,1
200,2025-07-11,129.99,1
562,2025-05-28,29.54,1
100,2025-04-01,65.42,1
332,2025-06-27,109.51,1
56,2025-03-29,19.45,0
469,2025-07-28,85.98,1
168,2025-05-14,34.91,1
141,2025-04-27,66.57,1
713,2025-06-01,65.29,1
299,2025-05-29,100.24,1
215,2025-03-29,84.68,1
201,2025-08-07,141.06,1
10,2025-06-20,57.8,1
744,2025-06-14,129.78,1
105,2025-07-21,52.23,1
152,2025-04-23,103.08,1
438,2025-05-23,51.14,1
173,2025-03-21,143.45,1
99,2025-06-14,18.89,1
486,2025-06-09,123.79,1
54,2025-04-28,140.97,1
528,2025-07-29,59.48,1
347,2025-07-24,129.83,1
445,2025-05-28,8.89,1
643,2025-04-21,61.36,1
251,2025-04-07,134.6,1
122,2025-05-30,39.84,1
407,2025-07-01,54.03,1
310,2025-07-09,106.1,1
611,2025-06-06,139.29,1
669,2025-05-17,42.07,1
709,2025-05-29,116.44,1
675,2025-05-14,123.8,1
475,2025-05-19,139.78,1
392,2025-04-22,12.53,1
648,2025-06-27,141.02,0
456,2025-04-18,23.16,1
12,2025-05-06,33.92,1
120,2025-05-03,113.11,0
125,2025-07-01,91.25,1
657,2025-06-04,6.29,1
522,2025-04-19,91.53,1
24,2025-05-07,134.01,1
587,2025-06-04,67.65,1
492,2025-04-21,44.59,0
711,2025-04-24,72.36,1
608,2025-03-22,128.21,1
394,2025-06-10,123.53,1
661,2025-07-01,31.5,0
445,2025-06-16,127.15,1
586,2025-04-10,97.58,0
102,2025-04-12,35.72,1
66,2025-05-01,82.93,1
190,2025-05-11,32.16,1
718,2025-03-30,6.07,1
404,2025-07-28,79.96,1
550,2025-05-25,102.41,1
501,2025-05-24,21.76,1
532,2025-05-13,114.38,1
552,2025-07-10,9.07,0
128,2025-05-25,147.16,1
675,2025-05-18,8.7,1
186,2025-07-17,125.5,1
712,2025-05-19,24.64,1
6,2025-07-01,138.68,1
458,2025-05-25,34.11,1
126,2025-05-09,92.12,1
132,2025-05-07,35.54,1
212,2025-05-19,78.88,1
166,2025-03-09,123.07,1
576,2025-03-31,137.49,1
36,2025-03-06,41.81,1
128,2025-07-02,77.56,1
306,2025-04-15,136.07,1
558,2025-03-23,51.75,1
434,2025-06-28,80.09,1
1,2025-05-24,81.49,1
308,2025-05-01,34.16,0
532,2025-04-06,43.28,1
675,2025-07-10,64.88,1
456,2025-03-19,78.55,1
