user_id,login_date
591,2025-07-19
712,2025-06-04
536,2025-06-14
621,2025-05-22
523,2025-04-05
705,2025-05-14
679,2025-03-23
243,2025-03-18
193,2025-05-12
307,2025-05-26
138,2025-07-14
566,2025-06-13
606,2025-04-15
285,2025-03-14
747,2025-06-18
433,2025-04-27
564,2025-04-30
267,2025-04-07
666,2025-04-28
410,2025-06-06
86,2025-05-31
693,2025-04-13
712,2025-05-13
549,2025-03-23
73,2025-06-08
276,2025-08-07
714,2025-05-26
198,2025-06-13
578,2025-05-13
664,2025-05-05
620,2025-04-06
430,2025-03-18
324,2025-06-12
389,2025-03-13
619,2025-06-05
80,2025-04-02
128,2025-07-05
113,2025-05-25
562,2025-05-29
68,2025-04-18
656,2025-05-03
372,2025-05-15
280,2025-05-28
232,2025-05-17
11,2025-04-06
387,2025-05-24
388,2025-04-05
127,2025-03-12
540,2025-03-29
603,2025-07-03
98,2025-05-05
358,2025-08-13
586,2025-04-29
565,2025-04-22
623,2025-05-16
50,2025-04-24
326,2025-05-17
186,2025-06-14
695,2025-05-14
565,2025-06-03
413,2025-05-17
607,2025-04-26
266,2025-03-19
704,2025-05-05
731,2025-04-12
674,2025-05-03
147,2025-04-10
582,2025-04-04
55,2025-06-03
380,2025-08-15
256,2025-07-04
624,2025-06-19
724,2025-07-02
188,2025-06-09
363,2025-06-11
515,2025-06-05
283,2025-06-08
534,2025-05-18
313,2025-07-28
90,2025-04-21
417,2025-04-26
93,2025-07-11
82,2025-04-11
748,2025-05-18
96,2025-05-14
590,2025-03-27
87,2025-04-18
568,2025-05-29
11,2025-05-18
694,2025-06-29
749,2025-04-13
492,2025-05-18
528,2025-08-01
694,2025-07-02
715,2025-05-05
416,2025-03-15
632,2025-03-25
8,2025-07-08
720,2025-05-09
354,2025-04-16
678,2025-05-22
701,2025-05-27
44,2025-07-15
460,2025-03-29
691,2025-07-24
231,2025-04-21
77,2025-04-21
137,2025-04-24
362,2025-03-19
433,2025-06-20
389,2025-03-31
383,2025-04-02
347,2025-08-03
256,2025-06-17
121,2025-05-27
307,2025-06-29
301,2025-04-14
219,2025-03-02
647,2025-06-06
404,2025-06-13
313,2025-07-29
528,2025-05-10
475,2025-05-14
500,2025-05-09
365,2025-05-13
631,2025-07-07
337,2025-06-24
363,2025-04-26
6,2025-06-03
740,2025-03-26
412,2025-04-26
10,2025-05-16
442,2025-07-19
203,2025-05-07
542,2025-05-05
158,2025-05-17
127,2025-04-21
8,2025-06-03
673,2025-04-05
232,2025-06-11
405,2025-04-19
307,2025-06-14
439,2025-06-06
550,2025-04-21
112,2025-04-21
673,2025-04-29
166,2025-03-14
363,2025-06-07
6,2025-06-04
727,2025-06-05
114,2025-05-23
292,2025-03-26
137,2025-04-09
432,2025-06-23
33,2025-03-24
683,2025-04-17
491,2025-05-23
273,2025-05-18
432,2025-07-13
564,2025-05-31
699,2025-04-04
333,2025-06-03
514,2025-07-02
135,2025-04-05
111,2025-03-29
130,2025-03-17
353,2025-05-26
14,2025-07-12
243,2025-03-20
695,2025-04-19
440,2025-06-01
9,2025-06-17
492,2025-04-22
289,2025-05-04
85,2025-05-15
254,2025-05-22
157,2025-05-07
192,2025-05-24
288,2025-05-15
270,2025-07-24
254,2025-05-28
440,2025-04-11
486,2025-08-15
106,2025-08-11
748,2025-06-21
626,2025-04-29
194,2025-06-29
645,2025-07-29
153,2025-03-24
124,2025-03-13
411,2025-03-16
281,2025-05-25
150,2025-05-23
19,2025-06-05
205,2025-04-20
53,2025-05-15
418,2025-07-01
314,2025-07-17
649,2025-04-11
228,2025-04-25
437,2025-06-06
63,2025-07-15
438,2025-05-18
53,2025-05-05
113,2025-04-02
373,2025-05-15
360,2025-06-09
253,2025-06-12
49,2025-05-13
42,2025-04-24
54,2025-07-05
330,2025-06-14
293,2025-06-16
287,2025-07-09
104,2025-04-27
190,2025-04-21
504,2025-04-22
343,2025-06-14
115,2025-04-29
686,2025-03-10
700,2025-07-26
134,2025-06-28
370,2025-05-10
604,2025-05-21
620,2025-05-03
244,2025-06-25
283,2025-05-11
599,2025-05-31
90,2025-03-26
134,2025-08-05
617,2025-05-11
43,2025-07-27
671,2025-03-14
198,2025-07-26
457,2025-03-02
77,2025-05-14
634,2025-05-09
309,2025-05-14
207,2025-07-12
739,2025-03-09
45,2025-03-29
197,2025-06-28
564,2025-04-30
574,2025-04-15
375,2025-06-03
645,2025-05-24
447,2025-05-19
495,2025-04-24
537,2025-07-18
23,2025-04-17
614,2025-05-18
714,2025-03-21
297,2025-05-08
580,2025-05-17
711,2025-05-05
408,2025-06-30
702,2025-07-15
526,2025-04-02
170,2025-05-22
522,2025-05-09
576,2025-04-16
411,2025-05-28
279,2025-05-06
189,2025-03-06
164,2025-07-14
224,2025-07-27
714,2025-03-06
526,2025-05-21
516,2025-07-22
738,2025-07-22
266,2025-04-25
226,2025-05-07
726,2025-04-12
566,2025-06-01
176,2025-05-08
47,2025-05-23
244,2025-05-10
41,2025-06-16
152,2025-04-09
137,2025-03-24
53,2025-06-18
255,2025-05-21
548,2025-05-11
2,2025-05-16
356,2025-08-03
620,2025-05-03
333,2025-04-23
723,2025-05-15
271,2025-05-30
419,2025-05-23
302,2025-05-30
59,2025-06-25
11,2025-05-09
225,2025-05-03
181,2025-05-02
17,2025-06-10
674,2025-06-30
109,2025-06-13
392,2025-06-08
264,2025-07-23
650,2025-05-13
565,2025-04-14
453,2025-03-21
333,2025-05-17
209,2025-06-24
645,2025-06-28
160,2025-05-08
238,2025-07-06
378,2025-03-17
491,2025-03-10
508,2025-04-01
471,2025-03-16
181,2025-04-24
584,2025-06-24
747,2025-04-23
664,2025-04-06
22,2025-05-13
167,2025-04-08
404,2025-08-12
623,2025-05-28
72,2025-03-08
74,2025-04-25
252,2025-06-30
661,2025-05-23
103,2025-05-20
141,2025-03-02
618,2025-05-08
387,2025-06-14
22,2025-04-18
14,2025-07-07
45,2025-03-29
255,2025-05-05
275,2025-06-03
643,2025-05-15
14,2025-04-17
109,2025-05-25
347,2025-08-07
88,2025-04-05
143,2025-04-22
577,2025-06-09
168,2025-04-09
340,2025-07-17
159,2025-06-04
58,2025-05-12
709,2025-04-07
643,2025-05-08
127,2025-02-20
46,2025-04-06
558,2025-04-07
106,2025-07-18
426,2025-03-25
2,2025-03-22
25,2025-05-22
438,2025-04-15
151,2025-06-29
672,2025-05-22
232,2025-07-08
394,2025-07-05
733,2025-03-17
504,2025-03-28
113,2025-03-27
105,2025-05-31
366,2025-05-06
631,2025-06-21
122,2025-06-14
87,2025-03-18
620,2025-04-05
183,2025-05-07
544,2025-04-11
615,2025-03-28
696,2025-06-12
154,2025-08-08
704,2025-04-08
640,2025-04-29
357,2025-04-15
278,2025-05-03
678,2025-05-02
272,2025-03-10
3,2025-05-18
672,2025-05-04
328,2025-03-09
400,2025-05-02
739,2025-04-20
69,2025-03-18
592,2025-05-07
745,2025-04-03
149,2025-03-18
331,2025-05-25
187,2025-06-05
362,2025-04-22
507,2025-06-24
493,2025-07-09
424,2025-07-01
652,2025-06-18
142,2025-08-05
252,2025-06-21
429,2025-07-21
510,2025-07-18
547,2025-06-12
546,2025-05-18
236,2025-04-25
86,2025-07-12
733,2025-04-25
540,2025-05-02
711,2025-05-09
720,2025-03-13
241,2025-05-07
3,2025-05-25
18,2025-06-04
572,2025-06-25
137,2025-03-04
62,2025-06-19
370,2025-04-11
302,2025-06-16
148,2025-06-29
432,2025-06-12
216,2025-06-03
58,2025-03-21
121,2025-07-18
721,2025-04-29
387,2025-04-29
713,2025-05-24
381,2025-03-28
719,2025-04-13
679,2025-05-31
76,2025-05-15
609,2025-03-30
31,2025-04-12
375,2025-04-25
81,2025-04-25
79,2025-04-15
583,2025-05-10
154,2025-06-07
482,2025-05-08
541,2025-06-17
307,2025-06-28
422,2025-06-21
455,2025-07-03
712,2025-04-26
294,2025-05-05
160,2025-03-19
658,2025-05-15
619,2025-05-27
516,2025-05-13
12,2025-06-09
434,2025-06-30
466,2025-05-26
729,2025-04-15
586,2025-05-27
314,2025-07-18
233,2025-06-16
161,2025-06-05
95,2025-07-13
387,2025-05-12
217,2025-07-07
634,2025-04-03
225,2025-05-18
189,2025-05-16
620,2025-03-26
710,2025-06-01
489,2025-04-29
669,2025-06-19
415,2025-04-09
169,2025-05-20
381,2025-06-12
435,2025-04-14
277,2025-05-06
107,2025-04-03
372,2025-06-19
344,2025-03-29
246,2025-06-01
167,2025-05-25
110,2025-03-10
217,2025-08-01
12,2025-05-29
193,2025-07-03
207,2025-07-25
34,2025-05-17
276,2025-05-28
584,2025-07-04
46,2025-06-04
496,2025-05-05
50,2025-05-13
96,2025-06-01
9,2025-06-07
290,2025-04-15
513,2025-05-24
323,2025-06-01
744,2025-05-16
133,2025-07-13
691,2025-05-30
340,2025-07-08
516,2025-05-05
515,2025-05-19
25,2025-07-07
392,2025-05-17
601,2025-03-12
298,2025-05-03
156,2025-07-21
475,2025-03-06
641,2025-05-03
736,2025-06-16
221,2025-07-12
670,2025-04-04
736,2025-06-07
514,2025-07-19
747,2025-06-16
668,2025-07-11
350,2025-06-25
135,2025-05-04
298,2025-05-29
639,2025-05-12
41,2025-06-22
397,2025-05-13
214,2025-05-14
622,2025-03-04
157,2025-05-14
643,2025-05-02
100,2025-03-16
147,2025-04-01
561,2025-04-18
511,2025-04-20
466,2025-04-26
174,2025-05-28
166,2025-03-05
287,2025-07-05
373,2025-05-25
92,2025-05-21
184,2025-07-18
472,2025-05-10
485,2025-04-16
453,2025-05-15
144,2025-04-29
583,2025-05-19
41,2025-05-12
294,2025-06-11
419,2025-05-24
697,2025-03-23
452,2025-05-13
525,2025-07-19
322,2025-05-16
86,2025-07-25
424,2025-06-18
461,2025-05-14
699,2025-03-24
636,2025-07-27
59,2025-05-07
717,2025-06-27
9,2025-05-12
108,2025-05-28
385,2025-04-06
584,2025-06-13
75,2025-05-25
398,2025-06-05
686,2025-03-20
358,2025-07-14
480,2025-06-21
548,2025-06-25
112,2025-03-06
185,2025-05-08
407,2025-06-23
205,2025-05-30
337,2025-05-25
325,2025-04-05
619,2025-07-06
218,2025-07-16
488,2025-04-18
286,2025-07-04
40,2025-06-05
160,2025-05-11
150,2025-06-19
219,2025-04-11
582,2025-03-05
616,2025-06-03
64,2025-04-22
441,2025-05-25
219,2025-03-08
217,2025-05-19
701,2025-05-04
277,2025-05-25
651,2025-06-04
86,2025-05-17
71,2025-04-13
415,2025-03-02
306,2025-04-25
430,2025-05-05
220,2025-05-24
266,2025-04-10
56,2025-03-01
439,2025-06-26
305,2025-04-02
204,2025-05-09
430,2025-04-29
487,2025-05-13
706,2025-03-29
714,2025-04-29
364,2025-07-05
585,2025-04-23
11,2025-06-04
612,2025-04-09
80,2025-05-23
593,2025-06-23
149,2025-04-17
681,2025-06-01
15,2025-03-17
470,2025-03-11
512,2025-03-31
117,2025-06-09
417,2025-04-19
534,2025-04-19
462,2025-05-23
650,2025-04-23
655,2025-05-30
100,2025-03-19
224,2025-06-06
431,2025-06-17
560,2025-04-12
616,2025-06-03
222,2025-05-03
215,2025-03-25
696,2025-07-01
15,2025-04-14
373,2025-04-12
310,2025-05-20
515,2025-05-15
717,2025-06-19
665,2025-07-12
424,2025-06-06
361,2025-04-05
556,2025-06-25
536,2025-06-11
117,2025-04-06
470,2025-04-16
383,2025-04-10
567,2025-05-26
167,2025-05-25
447,2025-06-28
292,2025-06-13
706,2025-06-04
448,2025-07-17
291,2025-08-06
636,2025-05-18
90,2025-03-26
92,2025-08-03
17,2025-06-20
422,2025-05-22
509,2025-05-12
558,2025-03-13
649,2025-05-08
516,2025-07-06
34,2025-07-11
297,2025-06-25
217,2025-06-14
466,2025-05-26
391,2025-05-08
201,2025-07-14
128,2025-06-11
476,2025-05-24
661,2025-07-01
406,2025-02-19
384,2025-05-02
520,2025-05-11
275,2025-08-08
271,2025-06-21
425,2025-07-10
248,2025-03-17
425,2025-04-19
16,2025-05-21
158,2025-05-12
532,2025-05-14
326,2025-05-10
175,2025-06-04
441,2025-04-25
570,2025-05-27
198,2025-07-14
660,2025-04-27
53,2025-06-09
440,2025-04-02
652,2025-06-25
746,2025-04-18
413,2025-04-26
530,2025-04-29
448,2025-05-26
102,2025-05-30
130,2025-05-01
122,2025-07-18
591,2025-07-07
643,2025-04-02
567,2025-03-31
331,2025-06-04
96,2025-05-04
27,2025-07-06
12,2025-07-09
608,2025-03-17
29,2025-07-03
725,2025-06-29
81,2025-06-06
392,2025-03-20
134,2025-07-14
650,2025-05-16
367,2025-04-27
246,2025-07-18
228,2025-04-20
199,2025-07-06
252,2025-06-20
267,2025-05-13
53,2025-05-02
85,2025-04-09
643,2025-03-02
654,2025-05-16
106,2025-05-28
471,2025-05-08
126,2025-05-16
146,2025-04-19
269,2025-03-23
96,2025-05-02
507,2025-06-16
213,2025-06-28
104,2025-05-04
23,2025-05-18
76,2025-05-16
641,2025-05-01
216,2025-08-01
430,2025-04-16
322,2025-06-19
462,2025-05-27
185,2025-06-02
11,2025-04-16
676,2025-07-29
647,2025-06-11
33,2025-03-19
352,2025-05-17
496,2025-07-17
615,2025-05-13
6,2025-05-10
535,2025-04-07
125,2025-05-23
621,2025-03-18
549,2025-02-27
531,2025-05-16
157,2025-03-30
374,2025-05-21
223,2025-05-13
336,2025-05-08
226,2025-04-10
746,2025-06-23
130,2025-04-01
281,2025-07-01
205,2025-04-20
357,2025-07-01
565,2025-06-10
302,2025-06-17
508,2025-05-03
525,2025-06-21
198,2025-05-29
178,2025-05-26
704,2025-04-05
403,2025-03-30
598,2025-07-29
320,2025-04-28
211,2025-06-02
444,2025-07-06
434,2025-06-19
279,2025-05-20
638,2025-05-24
622,2025-04-13
440,2025-04-11
581,2025-07-02
383,2025-06-07
66,2025-04-19
172,2025-05-01
524,2025-04-17
601,2025-04-29
301,2025-05-28
661,2025-06-08
361,2025-04-10
31,2025-04-08
185,2025-06-05
440,2025-04-09
367,2025-05-05
75,2025-05-24
673,2025-04-20
381,2025-04-09
322,2025-04-14
10,2025-06-13
705,2025-05-03
735,2025-04-07
219,2025-04-30
582,2025-04-11
239,2025-05-21
68,2025-04-25
291,2025-07-25
218,2025-06-24
223,2025-05-23
575,2025-06-03
734,2025-07-08
688,2025-05-15
588,2025-06-20
432,2025-08-07
446,2025-05-17
328,2025-03-16
202,2025-03-21
506,2025-06-13
48,2025-05-02
432,2025-05-27
128,2025-06-24
176,2025-06-25
335,2025-06-26
393,2025-05-11
591,2025-05-20
292,2025-03-23
660,2025-05-20
5,2025-05-19
292,2025-04-06
413,2025-03-21
547,2025-06-16
41,2025-05-09
661,2025-04-04
72,2025-04-19
98,2025-04-21
741,2025-04-27
282,2025-04-04
355,2025-06-05
82,2025-06-12
321,2025-04-27
628,2025-05-17
403,2025-04-24
714,2025-05-02
506,2025-07-02
125,2025-06-15
633,2025-03-11
30,2025-04-04
49,2025-04-21
143,2025-03-05
331,2025-08-05
742,2025-07-05
232,2025-05-03
91,2025-06-10
742,2025-06-27
551,2025-02-21
705,2025-05-08
266,2025-03-23
114,2025-05-05
312,2025-04-29
271,2025-06-24
705,2025-07-19
389,2025-04-13
716,2025-05-04
142,2025-07-27
472,2025-04-22
130,2025-04-07
152,2025-05-18
424,2025-07-05
458,2025-07-08
126,2025-07-08
541,2025-04-19
592,2025-05-14
678,2025-05-17
288,2025-06-11
749,2025-05-27
232,2025-04-23
271,2025-06-19
729,2025-03-23
362,2025-05-23
249,2025-05-13
663,2025-04-11
712,2025-05-04
77,2025-05-08
62,2025-06-02
14,2025-07-10
222,2025-05-18
395,2025-04-14
500,2025-05-15
349,2025-05-20
605,2025-05-03
527,2025-04-14
320,2025-07-06
465,2025-06-30
158,2025-05-29
109,2025-04-02
225,2025-05-14
395,2025-05-17
636,2025-07-10
208,2025-06-13
193,2025-05-02
285,2025-04-21
169,2025-08-09
315,2025-07-22
664,2025-03-14
151,2025-07-13
110,2025-03-16
247,2025-05-14
472,2025-04-30
274,2025-05-16
488,2025-06-27
544,2025-04-26
361,2025-03-24
122,2025-07-08
87,2025-04-27
442,2025-06-14
155,2025-04-09
515,2025-06-24
521,2025-05-27
55,2025-05-09
280,2025-06-26
101,2025-04-05
665,2025-07-02
750,2025-06-24
199,2025-06-05
194,2025-06-05
181,2025-06-15
283,2025-06-21
623,2025-07-06
532,2025-04-23
112,2025-05-22
52,2025-07-02
255,2025-05-09
225,2025-04-12
55,2025-03-18
590,2025-04-23
245,2025-03-17
545,2025-05-23
283,2025-05-13
636,2025-08-03
734,2025-06-12
402,2025-04-29
104,2025-03-31
709,2025-04-07
508,2025-04-04
176,2025-05-06
356,2025-08-04
295,2025-06-24
611,2025-06-19
4,2025-05-22
190,2025-05-23
718,2025-06-14
489,2025-04-28
705,2025-06-01
175,2025-05-02
698,2025-05-20
171,2025-04-22
341,2025-06-08
146,2025-03-15
683,2025-05-22
439,2025-06-25
22,2025-04-26
271,2025-05-22
175,2025-06-17
10,2025-07-19
361,2025-04-20
598,2025-05-15
501,2025-06-15
484,2025-05-06
47,2025-03-18
581,2025-08-13
298,2025-05-12
538,2025-05-17
172,2025-05-15
97,2025-03-23
312,2025-06-01
464,2025-07-18
360,2025-06-25
264,2025-07-27
499,2025-06-11
374,2025-07-04
14,2025-05-31
309,2025-06-13
342,2025-05-04
680,2025-07-25
496,2025-05-14
277,2025-07-19
532,2025-05-19
22,2025-04-22
421,2025-05-25
676,2025-06-05
366,2025-06-29
32,2025-04-29
592,2025-06-11
442,2025-07-03
212,2025-03-07
199,2025-06-16
655,2025-03-30
281,2025-07-20
696,2025-06-27
461,2025-06-17
180,2025-05-20
696,2025-06-02
340,2025-07-06
604,2025-05-07
283,2025-05-24
196,2025-02-28
594,2025-05-29
719,2025-05-13
628,2025-05-26
444,2025-07-07
581,2025-07-01
296,2025-05-08
9,2025-06-25
702,2025-05-26
478,2025-06-06
154,2025-07-20
297,2025-07-21
572,2025-07-20
167,2025-04-24
499,2025-06-15
67,2025-06-20
16,2025-07-15
42,2025-05-21
290,2025-05-10
127,2025-02-24
501,2025-06-23
6,2025-06-14
361,2025-05-14
1,2025-04-28
258,2025-03-18
359,2025-06-23
515,2025-07-24
575,2025-05-18
89,2025-04-05
147,2025-03-18
443,2025-06-15
83,2025-04-20
225,2025-04-02
485,2025-04-29
255,2025-07-20
653,2025-04-29
433,2025-06-08
101,2025-05-02
310,2025-06-26
319,2025-04-20
578,2025-04-14
696,2025-05-30
593,2025-04-23
700,2025-06-11
257,2025-04-02
427,2025-07-24
205,2025-05-17
313,2025-05-18
305,2025-05-23
644,2025-06-14
559,2025-04-01
385,2025-05-11
99,2025-05-16
540,2025-04-15
711,2025-05-21
516,2025-07-19
730,2025-05-14
480,2025-05-15
438,2025-04-25
431,2025-05-11
473,2025-03-08
573,2025-03-01
432,2025-05-23
144,2025-07-01
310,2025-05-12
595,2025-06-20
383,2025-04-04
636,2025-07-14
580,2025-06-16
55,2025-05-03
129,2025-04-26
687,2025-03-14
474,2025-05-12
472,2025-04-13
87,2025-03-20
277,2025-07-15
110,2025-04-13
609,2025-03-22
298,2025-06-24
494,2025-05-18
340,2025-05-24
125,2025-07-12
691,2025-07-22
735,2025-03-02
719,2025-04-26
529,2025-04-22
576,2025-04-30
140,2025-06-01
692,2025-07-12
159,2025-06-11
644,2025-05-25
737,2025-04-06
497,2025-07-04
705,2025-05-27
118,2025-05-15
1,2025-05-11
619,2025-05-20
533,2025-05-19
254,2025-03-30
107,2025-05-24
26,2025-07-03
455,2025-06-01
57,2025-04-20
308,2025-06-15
496,2025-05-23
241,2025-05-30
267,2025-05-07
698,2025-07-07
674,2025-07-04
127,2025-04-14
150,2025-06-19
23,2025-04-19
146,2025-06-06
247,2025-06-02
524,2025-06-13
560,2025-04-16
488,2025-06-04
297,2025-06-09
684,2025-04-13
603,2025-07-04
377,2025-07-08
282,2025-04-14
396,2025-06-02
110,2025-04-30
427,2025-07-08
152,2025-03-08
291,2025-07-06
124,2025-05-08
399,2025-02-26
595,2025-05-24
35,2025-07-08
667,2025-05-23
635,2025-06-05
44,2025-06-13
143,2025-04-20
741,2025-05-17
284,2025-03-07
163,2025-04-29
513,2025-07-03
216,2025-06-19
724,2025-07-11
400,2025-05-10
65,2025-06-07
672,2025-05-05
361,2025-05-13
737,2025-06-17
348,2025-04-20
733,2025-03-20
286,2025-07-30
311,2025-04-10
70,2025-06-13
496,2025-06-17
484,2025-07-08
675,2025-05-25
590,2025-06-18
520,2025-06-28
539,2025-05-14
133,2025-07-13
332,2025-06-27
595,2025-05-30
599,2025-06-30
414,2025-03-08
47,2025-03-19
163,2025-04-13
99,2025-07-23
109,2025-05-19
696,2025-06-18
332,2025-05-12
243,2025-03-27
179,2025-06-06
431,2025-03-28
64,2025-05-24
257,2025-03-30
39,2025-03-21
453,2025-04-09
622,2025-05-14
31,2025-04-16
329,2025-05-13
716,2025-06-09
387,2025-05-13
653,2025-05-23
570,2025-05-02
201,2025-06-16
503,2025-06-28
696,2025-05-25
231,2025-04-24
166,2025-04-21
542,2025-03-25
89,2025-05-15
25,2025-07-12
685,2025-05-27
209,2025-04-15
144,2025-04-14
369,2025-04-12
582,2025-05-09
74,2025-04-14
190,2025-06-15
748,2025-07-09
541,2025-05-22
195,2025-04-02
585,2025-05-04
513,2025-06-14
366,2025-07-15
573,2025-03-15
69,2025-04-29
438,2025-05-16
386,2025-03-21
583,2025-03-28
131,2025-07-22
306,2025-03-11
121,2025-06-22
237,2025-05-09
616,2025-06-24
339,2025-03-24
230,2025-03-29
258,2025-04-19
721,2025-05-26
70,2025-04-12
295,2025-04-04
548,2025-07-09
248,2025-05-22
626,2025-06-09
320,2025-05-28
634,2025-04-03
560,2025-06-19
114,2025-07-12
483,2025-05-26
669,2025-04-01
34,2025-05-30
432,2025-06-14
206,2025-04-21
61,2025-03-21
210,2025-06-22
338,2025-06-28
64,2025-04-06
506,2025-04-20
578,2025-05-07
720,2025-03-06
355,2025-04-24
427,2025-07-30
628,2025-05-21
565,2025-05-19
133,2025-05-19
741,2025-03-25
107,2025-03-29
509,2025-04-27
231,2025-06-21
359,2025-07-12
490,2025-04-29
234,2025-03-02
57,2025-04-08
201,2025-07-22
623,2025-06-21
699,2025-06-14
19,2025-05-28
494,2025-02-25
397,2025-05-31
713,2025-04-16
441,2025-06-23
438,2025-05-06
142,2025-05-28
449,2025-04-01
631,2025-06-26
361,2025-03-15
352,2025-05-28
60,2025-04-18
238,2025-05-23
603,2025-05-03
233,2025-06-14
550,2025-05-29
47,2025-03-17
738,2025-06-16
59,2025-04-15
59,2025-04-22
450,2025-03-28
290,2025-03-01
322,2025-05-13
617,2025-07-18
251,2025-05-09
133,2025-07-01
408,2025-06-28
674,2025-05-02
673,2025-03-13
79,2025-05-16
557,2025-05-07
507,2025-07-30
366,2025-05-25
455,2025-05-20
376,2025-07-11
300,2025-07-13
251,2025-06-08
274,2025-06-22
715,2025-06-28
516,2025-05-06
56,2025-04-03
421,2025-07-26
637,2025-07-14
287,2025-05-03
209,2025-04-28
534,2025-05-18
313,2025-07-17
216,2025-05-21
382,2025-05-06
37,2025-05-05
716,2025-06-08
666,2025-06-05
117,2025-03-17
511,2025-04-12
277,2025-05-28
603,2025-06-20
308,2025-05-05
62,2025-06-10
625,2025-05-08
508,2025-03-11
392,2025-05-05
455,2025-04-17
230,2025-03-18
389,2025-04-02
676,2025-07-12
546,2025-03-17
677,2025-04-24
33,2025-05-12
357,2025-04-05
624,2025-06-09
269,2025-05-14
222,2025-03-23
350,2025-07-17
445,2025-07-01
747,2025-04-07
112,2025-05-05
398,2025-07-02
295,2025-06-02
475,2025-04-19
587,2025-06-02
532,2025-04-01
167,2025-05-04
479,2025-04-07
136,2025-04-06
288,2025-07-27
281,2025-05-11
256,2025-06-17
303,2025-05-30
585,2025-04-24
40,2025-06-14
281,2025-06-16
276,2025-08-10
257,2025-06-07
623,2025-05-05
128,2025-06-06
583,2025-06-10
329,2025-06-02
184,2025-06-14
474,2025-03-09
451,2025-03-17
478,2025-03-15
368,2025-06-10
654,2025-05-13
224,2025-07-04
60,2025-06-01
82,2025-05-07
625,2025-05-29
322,2025-04-07
452,2025-04-20
265,2025-05-30
266,2025-05-20
131,2025-06-15
646,2025-04-08
151,2025-08-02
672,2025-04-22
239,2025-03-25
671,2025-02-22
189,2025-06-01
519,2025-05-26
594,2025-05-03
43,2025-07-22
735,2025-03-25
63,2025-06-13
264,2025-05-06
695,2025-04-21
554,2025-03-25
615,2025-04-04
359,2025-05-31
80,2025-05-02
455,2025-04-26
524,2025-03-25
243,2025-04-09
334,2025-07-28
381,2025-06-17
426,2025-03-16
658,2025-07-04
290,2025-03-14
26,2025-06-10
622,2025-04-10
344,2025-05-17
668,2025-06-22
482,2025-05-28
637,2025-05-16
165,2025-06-26
46,2025-04-30
154,2025-07-29
27,2025-05-25
624,2025-05-24
321,2025-04-29
733,2025-05-07
596,2025-05-16
221,2025-06-03
597,2025-03-15
673,2025-03-23
391,2025-07-16
81,2025-04-03
230,2025-05-03
516,2025-07-05
646,2025-05-26
429,2025-07-19
125,2025-07-05
53,2025-06-13
484,2025-07-15
538,2025-05-19
452,2025-05-07
276,2025-06-11
590,2025-04-26
250,2025-06-05
249,2025-04-05
237,2025-06-30
323,2025-04-26
710,2025-05-03
456,2025-04-22
371,2025-04-17
361,2025-05-01
518,2025-03-11
371,2025-06-29
496,2025-07-16
236,2025-05-03
429,2025-06-10
584,2025-05-09
551,2025-03-24
418,2025-07-20
599,2025-07-06
142,2025-07-30
267,2025-03-26
350,2025-06-08
121,2025-04-30
419,2025-04-28
518,2025-03-20
590,2025-05-22
648,2025-04-29
185,2025-06-22
16,2025-06-08
124,2025-04-19
270,2025-07-05
729,2025-05-12
104,2025-03-19
35,2025-06-11
25,2025-07-20
171,2025-04-08
136,2025-06-09
543,2025-06-28
433,2025-06-02
131,2025-07-07
714,2025-05-15
248,2025-04-23
122,2025-06-11
345,2025-05-26
624,2025-07-14
111,2025-04-01
76,2025-04-29
460,2025-04-29
646,2025-05-13
447,2025-06-17
489,2025-06-17
138,2025-05-21
742,2025-07-25
522,2025-03-31
156,2025-04-25
608,2025-05-12
379,2025-05-26
665,2025-07-12
389,2025-04-20
450,2025-03-27
521,2025-06-29
287,2025-05-05
238,2025-06-19
506,2025-05-24
50,2025-06-14
531,2025-05-18
594,2025-05-28
437,2025-05-12
331,2025-06-27
327,2025-06-06
147,2025-02-26
749,2025-04-22
441,2025-05-31
285,2025-05-10
631,2025-06-19
102,2025-04-14
292,2025-04-11
122,2025-06-04
281,2025-07-02
450,2025-04-02
174,2025-05-27
266,2025-06-03
109,2025-04-15
683,2025-04-27
145,2025-03-10
212,2025-05-05
521,2025-05-06
29,2025-06-30
41,2025-06-04
551,2025-03-17
7,2025-06-13
27,2025-06-28
209,2025-05-17
585,2025-04-28
750,2025-06-26
534,2025-05-05
465,2025-05-15
113,2025-05-28
123,2025-06-21
443,2025-06-04
270,2025-05-07
141,2025-04-05
750,2025-07-25
120,2025-06-06
81,2025-04-22
745,2025-03-08
335,2025-05-02
520,2025-05-17
283,2025-06-12
646,2025-05-21
689,2025-02-27
724,2025-08-01
323,2025-04-16
444,2025-05-22
723,2025-05-11
326,2025-04-22
572,2025-07-19
642,2025-05-17
650,2025-05-16
9,2025-05-24
141,2025-05-15
386,2025-04-09
690,2025-05-23
272,2025-04-30
156,2025-06-26
192,2025-06-25
290,2025-03-12
204,2025-06-15
91,2025-07-22
741,2025-04-16
4,2025-07-04
69,2025-05-05
572,2025-07-13
214,2025-05-26
183,2025-03-18
429,2025-08-08
270,2025-07-13
390,2025-07-02
598,2025-06-14
654,2025-04-16
496,2025-07-06
673,2025-03-27
308,2025-05-24
300,2025-07-15
497,2025-06-17
646,2025-05-06
613,2025-05-30
557,2025-06-11
303,2025-04-29
225,2025-04-12
295,2025-05-18
458,2025-05-25
254,2025-05-27
436,2025-05-03
181,2025-05-29
327,2025-08-07
117,2025-04-28
714,2025-04-24
722,2025-05-02
496,2025-07-01
616,2025-06-07
704,2025-03-31
30,2025-04-13
275,2025-07-19
221,2025-06-07
63,2025-07-21
331,2025-06-11
692,2025-06-01
422,2025-06-28
453,2025-04-16
409,2025-05-23
56,2025-03-24
498,2025-04-03
348,2025-05-13
47,2025-04-24
459,2025-05-01
227,2025-06-08
171,2025-06-06
212,2025-05-15
113,2025-05-16
626,2025-05-18
133,2025-07-01
553,2025-04-22
740,2025-03-05
389,2025-03-21
722,2025-05-28
362,2025-05-22
65,2025-08-07
51,2025-05-09
216,2025-06-21
549,2025-03-22
161,2025-07-09
406,2025-03-20
298,2025-05-03
383,2025-04-30
424,2025-05-12
567,2025-04-11
14,2025-04-20
21,2025-05-06
105,2025-06-28
408,2025-06-29
44,2025-05-19
290,2025-04-03
25,2025-05-22
647,2025-06-22
254,2025-03-08
279,2025-04-25
387,2025-07-18
411,2025-03-28
277,2025-05-03
79,2025-04-23
517,2025-08-02
426,2025-03-09
16,2025-07-26
620,2025-04-05
98,2025-05-13
401,2025-05-13
621,2025-04-23
332,2025-06-06
525,2025-05-03
310,2025-05-16
470,2025-03-18
103,2025-04-16
672,2025-06-28
483,2025-06-10
299,2025-07-03
96,2025-05-21
417,2025-05-27
286,2025-07-07
292,2025-06-18
547,2025-06-13
251,2025-05-20
18,2025-06-21
746,2025-05-16
382,2025-06-26
732,2025-04-18
464,2025-06-14
592,2025-03-17
407,2025-05-28
458,2025-05-31
489,2025-05-31
112,2025-05-17
319,2025-05-10
148,2025-07-09
86,2025-05-11
575,2025-05-20
213,2025-07-10
608,2025-03-29
86,2025-05-17
413,2025-06-03
485,2025-05-20
741,2025-05-31
239,2025-03-18
506,2025-05-13
422,2025-06-17
346,2025-04-25
38,2025-05-01
706,2025-05-20
614,2025-06-04
6,2025-05-24
707,2025-04-19
576,2025-04-29
559,2025-05-11
321,2025-05-17
242,2025-06-06
473,2025-06-03
495,2025-05-06
569,2025-05-25
108,2025-06-14
717,2025-04-26
385,2025-04-02
14,2025-05-06
533,2025-05-22
171,2025-04-24
449,2025-03-31
40,2025-05-21
508,2025-03-30
642,2025-07-19
499,2025-05-27
561,2025-05-30
409,2025-04-21
304,2025-04-20
446,2025-05-14
738,2025-08-10
278,2025-05-06
331,2025-07-26
381,2025-06-02
666,2025-04-29
145,2025-04-04
536,2025-07-26
210,2025-06-30
732,2025-05-22
532,2025-05-15
258,2025-04-30
474,2025-04-02
339,2025-04-08
169,2025-07-20
733,2025-05-02
11,2025-05-04
427,2025-06-06
154,2025-07-14
69,2025-03-04
320,2025-07-05
193,2025-05-19
711,2025-04-23
551,2025-04-20
339,2025-04-03
63,2025-07-29
480,2025-06-15
161,2025-05-10
359,2025-08-07
573,2025-03-26
354,2025-06-04
15,2025-03-22
282,2025-03-31
437,2025-06-19
747,2025-05-09
377,2025-07-02
413,2025-04-18
575,2025-07-07
657,2025-06-02
208,2025-05-02
607,2025-04-29
106,2025-06-10
287,2025-05-15
270,2025-07-07
105,2025-05-11
535,2025-05-20
661,2025-05-21
339,2025-06-03
607,2025-06-26
284,2025-05-23
685,2025-07-14
215,2025-03-22
3,2025-05-28
222,2025-03-31
630,2025-04-01
147,2025-03-14
487,2025-03-06
332,2025-04-22
54,2025-04-29
524,2025-05-11
436,2025-07-13
484,2025-06-02
310,2025-06-14
121,2025-05-20
574,2025-04-21
387,2025-06-14
724,2025-07-04
364,2025-05-17
535,2025-04-15
544,2025-03-10
620,2025-04-13
171,2025-06-19
285,2025-03-16
448,2025-07-07
453,2025-04-24
712,2025-05-27
702,2025-05-23
572,2025-06-20
668,2025-06-19
183,2025-03-17
375,2025-06-05
687,2025-04-27
746,2025-05-20
219,2025-05-19
574,2025-03-26
392,2025-05-03
184,2025-04-20
201,2025-07-10
370,2025-05-31
200,2025-04-12
601,2025-04-16
337,2025-05-29
378,2025-03-31
515,2025-05-01
622,2025-03-29
35,2025-07-08
282,2025-05-16
491,2025-04-18
45,2025-06-10
722,2025-05-18
281,2025-07-20
59,2025-06-18
32,2025-05-28
623,2025-07-23
466,2025-05-18
178,2025-06-30
664,2025-05-09
107,2025-03-29
379,2025-03-04
628,2025-05-30
723,2025-03-28
135,2025-04-01
430,2025-03-14
58,2025-04-29
653,2025-06-09
64,2025-04-16
100,2025-05-23
285,2025-03-22
671,2025-05-07
18,2025-05-31
689,2025-03-30
727,2025-06-01
601,2025-04-23
529,2025-04-05
681,2025-06-12
427,2025-08-08
686,2025-03-16
67,2025-06-07
514,2025-06-01
747,2025-05-04
86,2025-05-21
455,2025-04-17
283,2025-07-01
204,2025-06-22
518,2025-04-23
178,2025-07-21
4,2025-06-18
281,2025-07-11
360,2025-05-02
350,2025-06-27
582,2025-05-29
89,2025-05-13
475,2025-03-07
120,2025-05-03
187,2025-04-28
191,2025-04-09
606,2025-05-20
21,2025-03-21
11,2025-04-21
654,2025-04-19
472,2025-04-17
742,2025-06-11
316,2025-08-12
658,2025-06-04
136,2025-05-14
55,2025-05-01
723,2025-04-11
183,2025-04-18
144,2025-06-25
324,2025-06-09
232,2025-05-06
280,2025-06-04
182,2025-04-18
266,2025-06-15
451,2025-04-18
95,2025-07-09
364,2025-06-21
373,2025-05-24
658,2025-07-16
461,2025-06-30
704,2025-03-22
38,2025-06-03
395,2025-04-09
551,2025-05-04
216,2025-08-03
445,2025-06-21
662,2025-06-08
296,2025-05-20
351,2025-06-06
516,2025-07-02
276,2025-05-29
526,2025-04-19
265,2025-05-22
479,2025-04-10
33,2025-03-18
530,2025-07-02
647,2025-04-18
487,2025-03-23
479,2025-05-22
331,2025-06-25
578,2025-04-07
675,2025-07-16
35,2025-05-28
719,2025-04-13
645,2025-06-23
9,2025-05-13
432,2025-07-11
343,2025-06-19
664,2025-03-13
192,2025-06-07
314,2025-05-09
479,2025-05-16
191,2025-03-02
450,2025-05-22
468,2025-05-15
590,2025-06-16
446,2025-05-28
485,2025-04-15
259,2025-06-22
616,2025-05-29
495,2025-05-27
411,2025-04-19
42,2025-05-23
520,2025-04-18
432,2025-07-05
276,2025-07-30
411,2025-05-26
30,2025-03-27
525,2025-05-22
308,2025-07-10
715,2025-06-26
204,2025-06-06
143,2025-03-08
680,2025-06-21
56,2025-03-01
317,2025-04-28
355,2025-06-12
406,2025-03-12
472,2025-04-07
675,2025-05-20
206,2025-04-01
309,2025-04-23
83,2025-04-06
242,2025-05-22
448,2025-05-08
742,2025-06-11
158,2025-06-21
569,2025-07-01
6,2025-06-20
164,2025-06-15
103,2025-05-13
564,2025-06-24
404,2025-08-14
218,2025-06-17
685,2025-07-02
475,2025-05-25
249,2025-03-02
397,2025-04-29
326,2025-04-15
410,2025-05-20
290,2025-05-21
748,2025-06-11
612,2025-05-04
547,2025-04-19
356,2025-07-16
686,2025-05-23
28,2025-05-30
624,2025-05-19
241,2025-05-08
371,2025-05-20
514,2025-05-14
626,2025-06-21
408,2025-05-07
662,2025-04-11
142,2025-07-16
193,2025-04-29
217,2025-06-24
446,2025-04-18
348,2025-04-11
670,2025-04-09
436,2025-05-08
292,2025-04-29
397,2025-07-08
493,2025-04-16
268,2025-05-15
184,2025-05-09
408,2025-07-24
530,2025-04-22
477,2025-04-10
355,2025-07-11
104,2025-05-25
415,2025-02-21
165,2025-06-19
132,2025-05-06
520,2025-05-24
703,2025-06-28
12,2025-06-21
670,2025-06-10
412,2025-05-05
56,2025-03-28
436,2025-05-22
650,2025-03-11
619,2025-07-01
515,2025-06-16
485,2025-04-26
548,2025-06-12
115,2025-05-09
435,2025-05-28
393,2025-07-06
82,2025-04-21
8,2025-06-27
725,2025-07-05
265,2025-05-20
528,2025-07-23
746,2025-05-24
446,2025-04-13
476,2025-05-08
41,2025-04-11
502,2025-05-20
376,2025-05-08
614,2025-07-09
379,2025-04-02
436,2025-06-01
692,2025-05-29
25,2025-07-01
274,2025-06-04
301,2025-04-26
428,2025-05-06
458,2025-05-25
305,2025-06-01
37,2025-06-20
115,2025-06-01
750,2025-05-05
545,2025-06-30
255,2025-05-17
87,2025-05-20
97,2025-03-27
745,2025-03-17
649,2025-05-15
442,2025-06-22
354,2025-05-13
706,2025-05-27
250,2025-06-30
583,2025-05-15
42,2025-05-03
335,2025-05-29
40,2025-04-15
624,2025-07-17
104,2025-04-20
525,2025-05-11
346,2025-06-26
310,2025-06-04
411,2025-03-14
189,2025-04-07
739,2025-05-12
82,2025-05-27
120,2025-05-16
585,2025-04-07
311,2025-05-08
527,2025-05-13
250,2025-07-21
51,2025-04-20
588,2025-05-29
221,2025-06-10
282,2025-05-22
191,2025-04-04
514,2025-08-07
47,2025-06-01
409,2025-05-13
695,2025-04-12
280,2025-05-10
417,2025-04-12
20,2025-06-21
673,2025-03-20
282,2025-03-29
474,2025-05-22
651,2025-06-22
100,2025-04-12
231,2025-04-01
727,2025-06-21
227,2025-04-04
627,2025-04-05
746,2025-06-12
472,2025-06-21
431,2025-06-09
610,2025-05-14
555,2025-05-26
488,2025-06-14
13,2025-05-05
349,2025-06-03
355,2025-06-10
156,2025-06-23
511,2025-05-04
546,2025-06-08
175,2025-06-17
400,2025-04-07
413,2025-03-21
677,2025-05-28
81,2025-06-13
499,2025-07-20
354,2025-03-26
213,2025-07-15
379,2025-04-08
299,2025-06-19
463,2025-06-30
479,2025-03-11
160,2025-05-30
599,2025-05-03
640,2025-05-08
579,2025-06-06
426,2025-03-09
291,2025-07-19
503,2025-06-02
385,2025-05-24
135,2025-05-09
622,2025-03-10
100,2025-05-04
224,2025-06-09
114,2025-07-11
297,2025-05-25
163,2025-05-05
564,2025-05-20
361,2025-03-18
429,2025-07-27
286,2025-06-16
372,2025-06-22
109,2025-06-10
704,2025-05-21
652,2025-06-16
515,2025-07-07
546,2025-04-30
231,2025-05-20
507,2025-06-29
294,2025-06-17
161,2025-05-24
410,2025-05-15
4,2025-07-17
343,2025-07-05
672,2025-05-08
700,2025-05-29
393,2025-06-24
669,2025-05-21
429,2025-07-03
194,2025-07-05
30,2025-05-25
230,2025-03-09
625,2025-06-07
516,2025-05-03
614,2025-06-25
750,2025-06-22
24,2025-04-02
625,2025-04-20
171,2025-06-10
641,2025-06-21
701,2025-03-22
380,2025-05-19
616,2025-07-08
399,2025-05-06
524,2025-04-09
166,2025-04-24
378,2025-03-29
180,2025-06-16
730,2025-04-24
331,2025-05-25
301,2025-03-20
32,2025-04-24
592,2025-05-12
471,2025-03-24
701,2025-05-27
455,2025-05-12
182,2025-05-10
513,2025-07-21
114,2025-07-15
340,2025-06-06
251,2025-05-31
740,2025-03-11
8,2025-05-19
699,2025-06-13
417,2025-05-22
482,2025-06-09
73,2025-05-12
267,2025-04-27
124,2025-05-13
663,2025-05-23
732,2025-04-08
450,2025-05-05
744,2025-04-08
300,2025-06-10
743,2025-05-07
373,2025-05-31
734,2025-06-26
645,2025-07-31
451,2025-05-09
128,2025-05-11
150,2025-05-02
594,2025-04-07
740,2025-03-24
376,2025-06-23
673,2025-04-16
146,2025-04-14
495,2025-03-28
271,2025-05-25
338,2025-06-26
711,2025-04-20
470,2025-05-22
504,2025-04-07
267,2025-04-02
303,2025-07-14
456,2025-04-12
462,2025-08-04
265,2025-07-06
282,2025-05-10
37,2025-04-22
152,2025-05-10
296,2025-04-27
227,2025-05-13
578,2025-04-05
731,2025-04-30
315,2025-05-30
582,2025-05-21
313,2025-07-07
731,2025-05-19
690,2025-06-04
159,2025-07-31
132,2025-03-12
623,2025-06-10
394,2025-05-11
653,2025-04-09
29,2025-05-12
598,2025-06-22
152,2025-05-18
13,2025-04-25
373,2025-06-14
530,2025-05-30
489,2025-06-07
175,2025-05-06
660,2025-03-27
602,2025-05-26
322,2025-06-04
384,2025-05-22
497,2025-07-07
174,2025-06-27
494,2025-03-13
496,2025-06-17
15,2025-05-22
67,2025-06-26
231,2025-05-08
212,2025-03-24
154,2025-06-19
624,2025-05-12
666,2025-05-03
366,2025-06-29
471,2025-05-04
654,2025-03-04
537,2025-06-13
208,2025-06-08
681,2025-04-26
409,2025-07-09
102,2025-04-12
520,2025-04-13
278,2025-05-10
548,2025-07-04
82,2025-04-09
458,2025-06-25
536,2025-05-31
251,2025-05-04
188,2025-07-11
667,2025-03-31
234,2025-05-27
735,2025-04-23
182,2025-03-17
624,2025-05-31
566,2025-06-21
94,2025-05-18
66,2025-03-09
536,2025-06-07
63,2025-06-06
234,2025-03-31
600,2025-05-29
489,2025-05-18
101,2025-06-06
53,2025-05-07
650,2025-03-06
202,2025-05-15
120,2025-06-17
86,2025-06-28
203,2025-05-09
556,2025-07-16
221,2025-07-01
499,2025-06-17
583,2025-03-19
596,2025-05-27
115,2025-06-12
659,2025-04-03
604,2025-06-04
630,2025-05-11
1,2025-05-24
417,2025-06-01
278,2025-05-03
647,2025-04-17
337,2025-07-20
495,2025-05-06
291,2025-07-30
307,2025-06-01
545,2025-06-11
350,2025-06-03
695,2025-05-17
516,2025-06-01
641,2025-06-17
115,2025-05-10
500,2025-05-02
327,2025-07-19
482,2025-06-23
168,2025-03-23
68,2025-05-01
690,2025-06-05
97,2025-05-06
351,2025-05-29
704,2025-05-08
188,2025-05-08
112,2025-03-25
219,2025-04-10
514,2025-06-22
328,2025-04-27
484,2025-05-05
702,2025-06-15
625,2025-04-15
585,2025-05-30
159,2025-06-14
161,2025-05-26
406,2025-03-12
162,2025-06-13
679,2025-04-07
334,2025-07-21
486,2025-08-08
610,2025-05-25
744,2025-05-05
235,2025-03-25
484,2025-05-30
380,2025-06-04
314,2025-05-31
745,2025-04-13
323,2025-06-08
316,2025-07-10
577,2025-06-03
428,2025-05-04
414,2025-03-07
419,2025-04-20
662,2025-03-30
468,2025-04-05
20,2025-07-28
208,2025-05-19
678,2025-04-17
302,2025-06-05
25,2025-06-03
438,2025-04-14
334,2025-07-26
574,2025-03-27
221,2025-07-04
516,2025-06-18
281,2025-05-14
77,2025-04-06
165,2025-06-20
741,2025-05-20
739,2025-05-04
482,2025-04-26
676,2025-07-06
705,2025-07-31
499,2025-06-10
287,2025-07-09
601,2025-04-25
61,2025-03-16
58,2025-05-24
351,2025-04-13
551,2025-04-09
449,2025-04-22
114,2025-06-28
138,2025-05-07
333,2025-06-04
156,2025-05-14
604,2025-04-22
588,2025-04-24
576,2025-03-09
449,2025-04-17
336,2025-07-03
560,2025-06-14
267,2025-04-30
544,2025-04-06
707,2025-03-26
144,2025-04-22
717,2025-05-27
370,2025-05-21
220,2025-03-23
329,2025-06-28
234,2025-04-27
371,2025-05-19
204,2025-06-20
721,2025-05-14
262,2025-07-06
24,2025-03-09
123,2025-07-17
421,2025-06-20
406,2025-04-22
50,2025-06-09
62,2025-07-10
383,2025-03-21
580,2025-07-04
33,2025-05-07
335,2025-06-19
504,2025-04-12
589,2025-05-20
650,2025-03-05
78,2025-07-11
95,2025-07-18
116,2025-07-04
163,2025-05-19
90,2025-05-25
480,2025-06-17
666,2025-05-02
75,2025-07-23
442,2025-06-22
477,2025-05-27
156,2025-07-17
339,2025-03-31
187,2025-07-08
590,2025-05-02
465,2025-06-14
710,2025-05-28
22,2025-05-25
589,2025-05-15
7,2025-06-30
400,2025-03-08
9,2025-05-21
331,2025-07-02
155,2025-03-23
229,2025-05-05
691,2025-06-28
546,2025-05-08
670,2025-06-10
206,2025-05-22
364,2025-06-20
157,2025-03-27
152,2025-03-31
316,2025-06-09
104,2025-03-06
547,2025-06-26
41,2025-04-12
554,2025-05-03
71,2025-04-19
323,2025-05-11
674,2025-05-13
207,2025-06-12
168,2025-04-24
278,2025-03-30
223,2025-06-24
28,2025-05-19
451,2025-03-31
385,2025-03-20
455,2025-05-08
390,2025-04-19
458,2025-06-09
409,2025-05-15
211,2025-05-19
605,2025-03-12
96,2025-05-15
519,2025-06-13
742,2025-07-16
125,2025-05-19
215,2025-03-16
501,2025-07-31
367,2025-05-14
426,2025-03-31
216,2025-05-17
520,2025-05-21
490,2025-04-23
521,2025-04-29
468,2025-03-03
8,2025-07-02
431,2025-05-10
103,2025-04-28
370,2025-05-03
67,2025-07-08
668,2025-06-13
235,2025-05-20
87,2025-06-04
660,2025-04-26
483,2025-04-25
282,2025-05-16
332,2025-04-18
145,2025-03-29
182,2025-05-23
10,2025-05-20
532,2025-03-18
144,2025-07-11
482,2025-04-25
63,2025-07-26
215,2025-05-24
301,2025-04-28
633,2025-04-20
162,2025-05-19
177,2025-04-10
532,2025-03-18
685,2025-06-07
374,2025-05-21
167,2025-03-20
510,2025-06-06
314,2025-06-09
641,2025-06-08
272,2025-05-19
329,2025-05-03
27,2025-06-23
30,2025-05-06
36,2025-03-13
418,2025-04-30
553,2025-06-07
613,2025-06-21
174,2025-05-11
103,2025-03-15
358,2025-06-13
95,2025-06-30
68,2025-03-21
488,2025-06-02
426,2025-05-14
451,2025-04-02
618,2025-07-16
1,2025-05-31
488,2025-06-03
264,2025-05-20
331,2025-08-01
553,2025-06-05
629,2025-05-21
734,2025-05-04
490,2025-05-24
585,2025-03-30
129,2025-04-03
528,2025-05-22
147,2025-03-21
676,2025-05-28
98,2025-04-19
290,2025-05-13
108,2025-05-22
232,2025-05-14
190,2025-06-12
309,2025-04-26
728,2025-07-01
685,2025-07-29
533,2025-07-12
592,2025-04-17
135,2025-05-02
433,2025-06-04
678,2025-04-03
594,2025-03-28
395,2025-06-09
50,2025-04-28
187,2025-04-18
147,2025-05-13
35,2025-05-17
166,2025-04-16
331,2025-05-10
586,2025-05-24
496,2025-06-13
193,2025-07-13
592,2025-05-04
463,2025-05-02
465,2025-06-26
270,2025-07-04
451,2025-03-31
287,2025-07-15
527,2025-04-17
346,2025-04-29
262,2025-06-02
500,2025-07-11
468,2025-05-24
99,2025-07-23
351,2025-05-14
270,2025-05-04
375,2025-05-31
658,2025-05-14
557,2025-04-27
97,2025-04-09
469,2025-05-19
124,2025-05-06
730,2025-05-06
130,2025-04-11
315,2025-07-06
447,2025-07-20
85,2025-05-25
187,2025-06-06
524,2025-04-09
146,2025-06-09
228,2025-03-15
204,2025-05-10
539,2025-06-26
156,2025-07-06
544,2025-05-06
49,2025-06-27
372,2025-06-11
236,2025-06-03
544,2025-03-21
384,2025-04-24
103,2025-06-09
170,2025-06-16
650,2025-05-15
232,2025-05-01
554,2025-06-06
435,2025-04-15
286,2025-05-13
411,2025-04-18
400,2025-05-11
432,2025-07-11
480,2025-05-11
140,2025-06-11
1,2025-05-01
258,2025-05-30
570,2025-07-01
320,2025-05-03
628,2025-07-26
69,2025-03-11
421,2025-05-14
148,2025-06-20
165,2025-06-10
401,2025-05-09
662,2025-05-05
401,2025-07-03
199,2025-05-30
359,2025-05-27
232,2025-05-17
144,2025-06-04
127,2025-05-03
689,2025-03-09
211,2025-05-27
146,2025-06-08
283,2025-05-26
12,2025-07-10
121,2025-06-25
319,2025-06-04
106,2025-08-02
613,2025-06-14
238,2025-08-04
449,2025-04-24
128,2025-07-06
625,2025-05-17
158,2025-04-04
738,2025-06-28
279,2025-04-15
391,2025-05-26
116,2025-07-16
478,2025-05-04
600,2025-04-06
727,2025-08-07
499,2025-06-16
231,2025-06-04
106,2025-05-25
750,2025-07-17
614,2025-05-29
248,2025-06-10
507,2025-07-29
443,2025-05-25
59,2025-06-26
108,2025-05-26
742,2025-06-15
258,2025-05-21
521,2025-05-27
430,2025-05-23
258,2025-04-15
86,2025-04-30
104,2025-05-04
249,2025-05-03
507,2025-05-29
606,2025-04-25
682,2025-04-01
107,2025-06-23
500,2025-07-12
622,2025-05-06
385,2025-06-02
532,2025-05-23
392,2025-03-22
617,2025-05-09
605,2025-05-18
101,2025-06-11
98,2025-03-14
245,2025-04-24
595,2025-07-11
727,2025-07-27
432,2025-07-01
736,2025-05-23
356,2025-08-05
451,2025-05-13
588,2025-06-04
39,2025-05-02
644,2025-06-10
686,2025-03-12
222,2025-05-31
186,2025-05-04
646,2025-04-28
102,2025-04-07
423,2025-05-18
747,2025-05-28
260,2025-06-28
700,2025-06-30
361,2025-03-22
284,2025-05-02
49,2025-05-31
470,2025-05-21
651,2025-06-15
165,2025-06-05
572,2025-07-05
664,2025-04-11
411,2025-04-25
177,2025-05-21
92,2025-06-23
361,2025-05-08
552,2025-05-16
325,2025-04-01
104,2025-03-14
655,2025-05-07
321,2025-05-13
510,2025-07-31
191,2025-04-17
208,2025-05-26
725,2025-06-22
360,2025-05-30
449,2025-05-02
164,2025-05-23
331,2025-05-11
115,2025-05-11
596,2025-05-11
519,2025-06-28
658,2025-07-21
304,2025-06-15
552,2025-05-09
408,2025-07-16
713,2025-04-09
204,2025-04-06
93,2025-07-06
680,2025-06-30
270,2025-05-14
734,2025-06-04
546,2025-04-25
407,2025-05-16
395,2025-04-03
301,2025-05-29
584,2025-05-03
332,2025-05-11
454,2025-04-07
252,2025-07-12
159,2025-07-28
281,2025-05-04
507,2025-05-29
712,2025-05-23
252,2025-05-31
451,2025-06-06
222,2025-04-07
13,2025-04-29
250,2025-04-26
627,2025-04-30
450,2025-04-27
570,2025-06-16
582,2025-03-25
423,2025-06-07
532,2025-05-12
410,2025-06-28
590,2025-05-08
268,2025-06-21
373,2025-05-13
442,2025-07-04
374,2025-06-06
328,2025-04-29
366,2025-05-06
710,2025-04-20
330,2025-08-15
253,2025-07-10
593,2025-04-22
99,2025-07-02
726,2025-05-08
549,2025-04-06
108,2025-07-07
234,2025-04-13
735,2025-05-24
661,2025-06-11
230,2025-04-20
276,2025-07-30
55,2025-05-11
634,2025-05-22
510,2025-07-25
447,2025-05-19
176,2025-04-12
574,2025-04-28
573,2025-05-20
59,2025-05-20
489,2025-06-18
152,2025-03-13
699,2025-05-03
67,2025-06-18
584,2025-05-25
746,2025-03-30
731,2025-06-08
503,2025-06-27
722,2025-05-03
406,2025-03-18
678,2025-05-12
318,2025-07-12
714,2025-05-30
312,2025-06-01
239,2025-05-22
521,2025-06-06
148,2025-06-28
698,2025-07-26
323,2025-04-12
625,2025-03-26
730,2025-05-14
602,2025-04-07
73,2025-06-06
66,2025-04-29
424,2025-05-05
200,2025-05-13
616,2025-05-08
186,2025-05-04
665,2025-07-17
747,2025-04-15
340,2025-05-28
97,2025-05-01
588,2025-06-27
702,2025-06-26
418,2025-06-12
714,2025-05-04
142,2025-06-26
188,2025-04-26
319,2025-05-13
182,2025-06-10
441,2025-04-27
512,2025-03-02
189,2025-04-08
412,2025-04-06
233,2025-06-06
663,2025-06-05
84,2025-06-09
463,2025-04-17
537,2025-06-16
21,2025-05-16
63,2025-07-21
61,2025-05-30
383,2025-03-31
173,2025-03-13
542,2025-03-02
5,2025-05-01
394,2025-05-18
29,2025-06-26
577,2025-05-31
72,2025-03-12
194,2025-07-05
636,2025-07-08
187,2025-06-24
224,2025-06-26
100,2025-06-10
159,2025-07-19
384,2025-06-16
182,2025-05-07
724,2025-05-27
520,2025-04-24
456,2025-03-04
638,2025-05-15
551,2025-03-08
320,2025-05-14
111,2025-05-10
700,2025-06-09
605,2025-05-02
172,2025-05-09
510,2025-06-04
618,2025-05-15
628,2025-06-23
466,2025-06-09
562,2025-05-26
459,2025-03-24
685,2025-07-24
68,2025-04-19
253,2025-06-18
145,2025-03-28
503,2025-05-27
414,2025-03-05
367,2025-04-11
492,2025-06-08
725,2025-07-05
102,2025-05-06
94,2025-07-17
671,2025-03-31
540,2025-05-01
589,2025-07-06
545,2025-07-16
404,2025-07-25
659,2025-04-04
290,2025-04-06
139,2025-07-13
203,2025-06-03
642,2025-07-06
414,2025-04-24
387,2025-05-06
503,2025-05-06
504,2025-03-20
330,2025-07-28
496,2025-07-17
399,2025-04-05
510,2025-06-16
701,2025-06-08
57,2025-06-11
43,2025-06-06
92,2025-06-20
602,2025-06-04
556,2025-05-24
657,2025-04-19
50,2025-06-10
29,2025-04-21
311,2025-04-09
193,2025-06-08
551,2025-02-27
701,2025-05-05
521,2025-06-21
183,2025-05-18
380,2025-08-12
716,2025-04-18
220,2025-03-12
469,2025-05-28
227,2025-05-06
75,2025-05-23
508,2025-04-04
585,2025-05-25
628,2025-05-12
47,2025-05-03
211,2025-06-28
120,2025-05-29
5,2025-04-20
676,2025-06-29
182,2025-04-30
234,2025-04-16
412,2025-03-17
160,2025-03-30
614,2025-05-14
637,2025-08-06
265,2025-06-18
697,2025-05-19
728,2025-07-22
318,2025-05-31
670,2025-04-20
420,2025-07-11
11,2025-05-17
424,2025-06-02
285,2025-03-22
500,2025-06-03
615,2025-03-06
642,2025-08-09
405,2025-03-08
713,2025-05-27
132,2025-05-17
707,2025-04-21
73,2025-06-09
118,2025-05-21
163,2025-05-16
69,2025-03-27
550,2025-04-28
172,2025-05-29
698,2025-08-08
408,2025-06-03
550,2025-04-23
292,2025-06-01
268,2025-04-05
123,2025-06-15
207,2025-05-16
569,2025-07-17
206,2025-03-26
531,2025-03-16
481,2025-07-07
112,2025-03-10
235,2025-02-24
398,2025-04-30
86,2025-07-26
70,2025-04-22
447,2025-07-28
380,2025-07-12
147,2025-04-18
612,2025-03-20
679,2025-05-21
194,2025-05-11
743,2025-06-11
45,2025-05-24
15,2025-03-17
350,2025-05-31
180,2025-05-31
474,2025-04-01
660,2025-03-15
401,2025-06-06
157,2025-04-09
518,2025-03-10
231,2025-04-22
643,2025-03-24
344,2025-06-18
739,2025-04-15
26,2025-06-25
72,2025-03-21
617,2025-07-02
295,2025-06-05
165,2025-05-28
561,2025-05-17
59,2025-04-20
702,2025-05-16
420,2025-06-19
548,2025-04-29
634,2025-04-17
742,2025-06-21
380,2025-05-21
147,2025-03-06
701,2025-04-09
7,2025-05-30
4,2025-07-21
60,2025-05-07
581,2025-06-02
230,2025-05-11
37,2025-06-16
559,2025-03-18
21,2025-05-22
488,2025-06-16
661,2025-05-21
290,2025-05-22
631,2025-06-28
461,2025-05-11
700,2025-07-18
628,2025-06-12
354,2025-06-05
466,2025-05-17
157,2025-04-30
550,2025-05-03
230,2025-03-10
294,2025-07-11
749,2025-04-18
398,2025-05-09
165,2025-06-26
22,2025-05-29
308,2025-05-13
44,2025-06-26
421,2025-07-26
555,2025-05-06
412,2025-03-28
642,2025-06-27
214,2025-04-17
432,2025-07-04
472,2025-06-03
455,2025-05-31
475,2025-04-11
346,2025-05-17
682,2025-04-18
137,2025-04-26
211,2025-05-02
223,2025-06-03
583,2025-04-11
747,2025-06-23
634,2025-05-12
475,2025-05-05
419,2025-04-22
660,2025-04-16
219,2025-04-21
145,2025-04-27
112,2025-05-04
668,2025-07-02
308,2025-07-13
423,2025-05-21
205,2025-05-06
346,2025-06-15
161,2025-07-25
394,2025-06-14
443,2025-04-25
454,2025-04-05
711,2025-05-07
396,2025-05-16
684,2025-04-23
280,2025-08-05
577,2025-05-03
657,2025-04-30
589,2025-05-03
155,2025-04-11
325,2025-04-21
252,2025-05-19
499,2025-06-19
626,2025-06-23
544,2025-05-19
37,2025-06-30
100,2025-03-23
88,2025-03-13
9,2025-04-29
340,2025-05-28
321,2025-04-09
208,2025-05-12
219,2025-04-10
68,2025-04-22
639,2025-04-27
598,2025-07-11
487,2025-04-18
721,2025-05-03
297,2025-06-10
104,2025-05-13
164,2025-05-21
168,2025-04-23
122,2025-07-06
634,2025-05-18
163,2025-05-25
566,2025-08-05
481,2025-08-04
288,2025-07-28
256,2025-04-23
680,2025-05-28
456,2025-03-13
41,2025-04-13
391,2025-06-23
389,2025-05-10
175,2025-03-25
601,2025-06-04
372,2025-05-29
599,2025-06-24
187,2025-06-13
21,2025-05-01
688,2025-07-17
353,2025-05-05
88,2025-04-27
71,2025-03-31
139,2025-08-04
308,2025-07-20
404,2025-06-05
114,2025-07-23
202,2025-06-04
329,2025-06-06
729,2025-03-23
364,2025-06-24
507,2025-05-03
637,2025-07-27
428,2025-05-25
374,2025-06-08
197,2025-07-10
287,2025-06-28
25,2025-06-24
327,2025-06-05
54,2025-07-04
245,2025-06-06
314,2025-05-22
460,2025-05-02
346,2025-04-11
280,2025-08-02
470,2025-05-16
83,2025-04-25
565,2025-03-23
134,2025-08-04
11,2025-06-06
20,2025-06-06
390,2025-05-08
482,2025-06-08
398,2025-04-11
712,2025-07-20
277,2025-07-21
385,2025-04-28
376,2025-07-06
435,2025-05-12
725,2025-06-03
136,2025-05-19
737,2025-05-09
566,2025-06-10
501,2025-06-20
274,2025-05-23
461,2025-07-05
87,2025-06-06
327,2025-07-19
117,2025-03-17
132,2025-03-07
249,2025-02-27
182,2025-04-28
67,2025-06-02
586,2025-04-23
90,2025-03-22
10,2025-05-05
350,2025-07-17
73,2025-04-08
597,2025-05-30
472,2025-06-26
339,2025-06-15
109,2025-06-03
125,2025-05-06
722,2025-05-03
205,2025-04-19
191,2025-03-11
736,2025-05-29
4,2025-07-04
703,2025-05-30
216,2025-05-12
735,2025-03-06
397,2025-05-24
641,2025-06-28
198,2025-06-26
203,2025-07-26
508,2025-05-25
724,2025-05-28
481,2025-06-12
750,2025-07-26
607,2025-04-17
454,2025-04-25
520,2025-04-05
82,2025-04-24
203,2025-05-30
148,2025-06-28
590,2025-04-13
717,2025-05-02
720,2025-03-11
193,2025-05-17
330,2025-06-16
167,2025-05-06
651,2025-07-27
304,2025-06-20
423,2025-07-18
656,2025-05-28
224,2025-07-06
257,2025-04-29
247,2025-07-18
8,2025-08-06
700,2025-06-18
289,2025-03-23
67,2025-05-21
65,2025-07-18
353,2025-03-30
635,2025-06-04
82,2025-06-27
734,2025-06-18
13,2025-06-17
91,2025-06-26
603,2025-06-17
715,2025-07-16
621,2025-06-09
68,2025-05-18
269,2025-04-09
462,2025-06-21
492,2025-05-02
512,2025-03-29
501,2025-06-24
560,2025-04-15
234,2025-05-14
175,2025-03-28
708,2025-05-15
420,2025-06-12
473,2025-04-15
413,2025-05-15
476,2025-05-29
157,2025-03-21
395,2025-05-13
26,2025-05-17
325,2025-04-10
648,2025-04-23
410,2025-05-25
15,2025-04-22
678,2025-04-07
155,2025-05-04
189,2025-04-02
98,2025-03-01
401,2025-06-18
154,2025-06-18
346,2025-05-01
23,2025-05-29
402,2025-03-30
311,2025-04-30
285,2025-03-27
195,2025-05-08
622,2025-04-27
444,2025-07-04
164,2025-07-03
682,2025-03-05
362,2025-03-26
69,2025-04-14
723,2025-05-06
623,2025-06-10
145,2025-03-28
532,2025-05-01
222,2025-05-12
503,2025-05-04
316,2025-08-05
163,2025-04-27
646,2025-04-25
701,2025-05-29
440,2025-06-03
125,2025-07-14
133,2025-06-21
289,2025-04-15
743,2025-06-18
706,2025-03-25
379,2025-05-12
485,2025-03-23
19,2025-05-15
379,2025-04-23
253,2025-05-29
335,2025-07-09
240,2025-05-23
650,2025-04-26
288,2025-07-11
349,2025-07-06
340,2025-08-14
200,2025-04-28
330,2025-08-06
587,2025-04-20
726,2025-05-23
625,2025-04-19
256,2025-06-10
577,2025-06-13
20,2025-06-08
524,2025-03-28
394,2025-04-27
639,2025-04-28
84,2025-07-03
503,2025-07-01
618,2025-05-30
69,2025-04-30
399,2025-03-21
283,2025-05-03
373,2025-04-17
486,2025-06-17
229,2025-05-12
4,2025-06-20
365,2025-07-31
495,2025-05-12
150,2025-05-03
328,2025-04-22
322,2025-06-15
550,2025-04-12
662,2025-04-06
612,2025-05-31
124,2025-04-03
63,2025-06-04
537,2025-07-18
290,2025-03-27
386,2025-05-05
718,2025-03-28
306,2025-04-01
210,2025-05-01
304,2025-04-08
30,2025-05-29
660,2025-04-30
81,2025-05-11
477,2025-04-18
458,2025-07-03
392,2025-05-27
161,2025-07-17
455,2025-05-22
111,2025-05-01
467,2025-05-30
203,2025-07-26
622,2025-04-22
292,2025-04-10
601,2025-03-24
331,2025-05-11
127,2025-02-24
335,2025-06-21
489,2025-05-06
146,2025-04-23
738,2025-07-03
564,2025-04-01
644,2025-06-10
662,2025-04-23
406,2025-03-13
335,2025-06-29
36,2025-05-16
290,2025-04-06
580,2025-07-21
41,2025-05-31
58,2025-03-20
509,2025-03-02
70,2025-04-09
156,2025-05-08
536,2025-05-20
731,2025-04-23
95,2025-06-23
366,2025-06-09
84,2025-06-18
352,2025-04-11
505,2025-04-13
559,2025-03-16
538,2025-05-06
658,2025-06-30
712,2025-05-14
562,2025-04-18
213,2025-07-05
163,2025-03-29
268,2025-04-21
246,2025-05-03
661,2025-06-28
572,2025-04-29
54,2025-07-03
715,2025-05-18
491,2025-03-04
44,2025-05-27
239,2025-03-30
141,2025-05-04
328,2025-04-01
397,2025-07-03
687,2025-05-03
20,2025-07-03
297,2025-07-05
25,2025-07-17
732,2025-07-03
425,2025-06-24
70,2025-03-28
205,2025-06-23
37,2025-05-01
236,2025-05-20
504,2025-03-07
358,2025-08-13
83,2025-05-27
377,2025-06-18
169,2025-07-03
218,2025-05-07
550,2025-03-18
643,2025-05-18
289,2025-04-06
570,2025-05-24
524,2025-05-04
164,2025-05-27
623,2025-06-05
343,2025-06-01
335,2025-05-15
403,2025-04-01
667,2025-04-05
463,2025-04-08
457,2025-05-06
668,2025-07-30
525,2025-06-21
210,2025-05-06
116,2025-05-02
397,2025-04-26
211,2025-04-26
584,2025-05-31
707,2025-06-18
220,2025-05-14
311,2025-04-06
475,2025-03-02
664,2025-05-20
236,2025-05-18
259,2025-06-02
524,2025-03-19
318,2025-05-06
222,2025-04-12
342,2025-03-25
512,2025-04-09
738,2025-06-26
469,2025-06-24
617,2025-05-17
504,2025-05-07
575,2025-07-14
293,2025-07-11
255,2025-05-04
632,2025-03-14
1,2025-04-25
635,2025-04-16
12,2025-05-25
1,2025-05-30
456,2025-04-18
747,2025-06-11
164,2025-05-14
55,2025-04-30
221,2025-07-07
196,2025-04-18
382,2025-04-27
287,2025-06-15
670,2025-03-19
305,2025-03-16
123,2025-06-03
146,2025-04-16
468,2025-03-27
124,2025-05-17
699,2025-03-22
488,2025-04-26
15,2025-03-12
89,2025-04-01
467,2025-07-08
712,2025-07-05
280,2025-06-13
24,2025-05-20
577,2025-06-14
65,2025-08-12
157,2025-03-30
67,2025-07-03
695,2025-04-24
31,2025-03-29
510,2025-07-05
477,2025-05-22
180,2025-04-18
591,2025-05-23
673,2025-03-12
288,2025-07-30
289,2025-05-03
208,2025-05-27
25,2025-07-17
279,2025-05-04
241,2025-06-18
459,2025-03-10
666,2025-04-13
577,2025-06-08
573,2025-05-26
501,2025-06-13
733,2025-03-09
294,2025-06-06
91,2025-08-01
377,2025-06-11
484,2025-06-30
168,2025-04-17
675,2025-06-18
744,2025-06-10
554,2025-04-07
329,2025-07-20
356,2025-07-06
179,2025-07-01
412,2025-04-28
479,2025-04-21
300,2025-05-09
689,2025-04-22
692,2025-06-30
418,2025-06-10
443,2025-04-13
617,2025-05-28
141,2025-04-12
368,2025-07-01
478,2025-05-07
553,2025-07-16
169,2025-05-19
352,2025-06-06
641,2025-05-10
614,2025-05-26
554,2025-06-08
164,2025-07-14
143,2025-03-18
710,2025-05-23
84,2025-06-19
115,2025-06-20
558,2025-03-06
533,2025-05-20
590,2025-03-20
261,2025-05-02
681,2025-05-13
233,2025-07-19
727,2025-06-22
501,2025-05-29
334,2025-07-02
562,2025-05-27
536,2025-07-23
403,2025-04-14
591,2025-07-01
418,2025-07-22
109,2025-04-14
656,2025-07-13
465,2025-04-27
711,2025-05-05
734,2025-04-22
517,2025-05-17
508,2025-03-27
74,2025-05-29
314,2025-05-19
416,2025-04-21
215,2025-05-09
654,2025-03-15
196,2025-02-26
17,2025-04-06
303,2025-05-02
213,2025-06-01
697,2025-03-16
69,2025-04-05
464,2025-06-01
433,2025-06-02
678,2025-05-06
11,2025-06-22
612,2025-04-22
352,2025-05-22
384,2025-04-30
312,2025-06-13
635,2025-06-24
490,2025-06-11
630,2025-05-28
43,2025-08-07
504,2025-03-11
512,2025-03-31
360,2025-04-20
262,2025-07-18
485,2025-05-03
552,2025-04-29
433,2025-07-15
602,2025-06-10
360,2025-07-13
503,2025-05-06
390,2025-04-17
500,2025-05-13
487,2025-04-07
557,2025-04-22
85,2025-04-22
742,2025-07-30
97,2025-05-08
389,2025-04-22
248,2025-06-02
481,2025-05-11
331,2025-06-17
566,2025-08-15
463,2025-05-02
629,2025-04-18
98,2025-02-28
701,2025-03-27
608,2025-05-23
29,2025-06-18
456,2025-03-09
515,2025-05-23
475,2025-03-31
714,2025-05-16
398,2025-06-14
670,2025-03-23
260,2025-07-27
121,2025-07-18
530,2025-06-10
179,2025-06-14
301,2025-04-01
41,2025-05-03
616,2025-05-28
437,2025-04-20
704,2025-03-20
79,2025-05-09
494,2025-04-22
256,2025-04-09
397,2025-07-05
181,2025-05-18
45,2025-04-20
188,2025-05-12
349,2025-07-20
598,2025-07-17
235,2025-04-17
718,2025-04-10
104,2025-03-24
143,2025-03-08
620,2025-05-28
25,2025-06-18
509,2025-04-09
716,2025-06-07
22,2025-07-03
538,2025-06-10
378,2025-05-19
557,2025-04-24
429,2025-07-11
35,2025-05-22
447,2025-07-21
719,2025-05-24
69,2025-03-12
90,2025-04-15
681,2025-06-06
487,2025-04-26
520,2025-05-06
141,2025-03-16
25,2025-05-13
89,2025-05-14
192,2025-07-17
202,2025-05-11
676,2025-07-26
383,2025-05-29
270,2025-06-26
69,2025-05-27
190,2025-06-02
424,2025-04-29
574,2025-03-07
238,2025-06-06
151,2025-06-22
137,2025-05-18
401,2025-04-20
381,2025-03-29
523,2025-03-11
116,2025-07-03
682,2025-04-01
600,2025-05-22
10,2025-06-11
141,2025-04-10
250,2025-06-24
219,2025-03-26
680,2025-07-09
490,2025-05-22
220,2025-03-12
177,2025-05-07
567,2025-05-31
643,2025-05-08
73,2025-04-07
684,2025-04-17
523,2025-03-28
70,2025-05-23
526,2025-04-02
580,2025-05-31
253,2025-07-22
424,2025-07-04
371,2025-05-05
269,2025-04-21
62,2025-06-30
44,2025-06-09
405,2025-03-06
198,2025-07-21
744,2025-05-18
401,2025-06-15
621,2025-04-12
131,2025-07-17
630,2025-05-18
417,2025-06-07
651,2025-06-02
248,2025-06-01
534,2025-05-25
510,2025-05-20
444,2025-07-25
32,2025-05-21
68,2025-05-17
87,2025-06-11
150,2025-06-20
41,2025-05-13
285,2025-04-17
288,2025-06-29
666,2025-05-21
311,2025-04-28
620,2025-04-27
316,2025-07-16
524,2025-05-17
396,2025-06-01
604,2025-06-11
574,2025-05-28
620,2025-06-01
677,2025-05-28
141,2025-04-30
346,2025-04-17
709,2025-05-05
351,2025-05-16
530,2025-06-26
647,2025-04-03
258,2025-05-20
275,2025-06-19
296,2025-07-09
526,2025-04-22
321,2025-04-05
246,2025-07-07
196,2025-04-08
314,2025-05-13
344,2025-05-31
693,2025-04-11
286,2025-06-09
613,2025-06-08
686,2025-06-01
193,2025-07-11
143,2025-05-19
303,2025-05-11
704,2025-05-27
371,2025-06-15
567,2025-04-21
210,2025-06-11
596,2025-06-07
178,2025-05-16
742,2025-06-17
654,2025-04-03
211,2025-06-16
649,2025-04-25
188,2025-07-05
509,2025-04-10
252,2025-06-22
496,2025-06-03
582,2025-04-28
551,2025-04-05
150,2025-05-01
621,2025-03-24
259,2025-05-21
386,2025-05-21
403,2025-03-17
69,2025-03-28
261,2025-04-25
466,2025-05-26
598,2025-06-19
524,2025-05-27
431,2025-04-14
273,2025-05-09
438,2025-05-16
502,2025-06-07
111,2025-05-26
448,2025-06-15
321,2025-03-10
144,2025-05-07
126,2025-06-18
56,2025-02-23
72,2025-03-25
111,2025-06-05
549,2025-03-31
131,2025-05-29
704,2025-04-24
210,2025-04-18
677,2025-05-27
62,2025-05-07
115,2025-05-30
640,2025-04-28
292,2025-05-15
247,2025-06-10
226,2025-06-18
619,2025-07-17
274,2025-07-22
363,2025-05-13
156,2025-04-27
567,2025-05-24
325,2025-03-21
176,2025-05-29
209,2025-06-19
632,2025-03-03
165,2025-05-21
585,2025-05-22
277,2025-06-24
128,2025-05-10
253,2025-06-24
227,2025-04-26
471,2025-05-10
170,2025-04-18
226,2025-05-05
110,2025-03-02
245,2025-06-02
316,2025-07-11
594,2025-06-08
396,2025-05-01
219,2025-03-31
103,2025-03-24
419,2025-05-01
454,2025-04-21
394,2025-06-26
390,2025-04-15
555,2025-05-11
211,2025-06-26
504,2025-05-01
537,2025-06-27
330,2025-05-20
512,2025-04-24
631,2025-06-28
453,2025-05-09
211,2025-05-18
148,2025-07-19
80,2025-05-14
716,2025-07-09
387,2025-05-17
414,2025-03-26
224,2025-06-22
362,2025-05-03
281,2025-06-01
733,2025-04-09
237,2025-06-20
615,2025-05-04
25,2025-07-19
577,2025-05-15
661,2025-06-30
67,2025-07-10
731,2025-03-26
399,2025-05-09
354,2025-05-01
391,2025-04-26
503,2025-06-27
742,2025-07-07
435,2025-04-01
448,2025-05-29
357,2025-05-01
276,2025-07-03
267,2025-04-20
162,2025-04-17
225,2025-06-11
661,2025-06-07
614,2025-06-19
201,2025-05-19
391,2025-06-09
50,2025-05-02
93,2025-07-20
163,2025-03-26
631,2025-08-07
567,2025-03-17
257,2025-03-26
538,2025-04-15
464,2025-06-05
301,2025-03-30
447,2025-06-15
191,2025-03-29
420,2025-05-23
171,2025-06-04
69,2025-04-02
95,2025-07-26
54,2025-06-24
671,2025-03-12
296,2025-07-03
482,2025-06-14
172,2025-05-27
18,2025-05-14
618,2025-05-05
69,2025-03-16
276,2025-06-09
547,2025-04-25
474,2025-05-16
378,2025-03-21
157,2025-05-10
192,2025-05-24
9,2025-06-03
176,2025-05-14
526,2025-03-26
513,2025-07-03
59,2025-05-26
139,2025-06-07
50,2025-06-02
160,2025-03-28
248,2025-06-02
377,2025-06-26
286,2025-07-05
252,2025-06-30
180,2025-07-16
113,2025-03-30
166,2025-05-17
621,2025-03-20
69,2025-04-21
140,2025-05-04
295,2025-05-23
542,2025-05-02
694,2025-06-14
564,2025-06-06
744,2025-05-22
538,2025-05-12
663,2025-05-21
363,2025-06-29
592,2025-05-04
258,2025-05-07
418,2025-05-16
516,2025-06-25
130,2025-03-02
212,2025-03-05
615,2025-04-21
306,2025-03-13
619,2025-06-26
392,2025-05-04
307,2025-06-15
25,2025-06-02
499,2025-06-04
17,2025-04-30
446,2025-06-27
151,2025-07-11
605,2025-03-14
665,2025-06-22
406,2025-03-22
146,2025-03-16
233,2025-06-18
259,2025-07-07
409,2025-06-18
730,2025-05-28
381,2025-04-17
475,2025-03-12
426,2025-03-13
252,2025-05-21
656,2025-05-04
303,2025-06-03
55,2025-04-27
477,2025-05-19
670,2025-05-11
80,2025-05-14
302,2025-06-03
525,2025-07-10
489,2025-03-25
491,2025-03-07
361,2025-04-02
199,2025-06-07
519,2025-04-21
12,2025-05-02
150,2025-06-09
277,2025-04-30
26,2025-07-04
224,2025-08-01
534,2025-06-05
25,2025-06-19
414,2025-04-11
628,2025-07-08
356,2025-08-02
335,2025-05-18
377,2025-04-20
530,2025-06-22
127,2025-04-15
500,2025-06-26
527,2025-03-09
683,2025-06-01
747,2025-06-11
519,2025-04-08
158,2025-05-13
339,2025-06-14
732,2025-05-31
750,2025-07-21
274,2025-05-31
146,2025-04-08
96,2025-07-10
394,2025-05-14
404,2025-06-14
43,2025-05-18
311,2025-02-20
137,2025-03-14
429,2025-07-23
199,2025-06-21
156,2025-06-18
561,2025-06-18
262,2025-05-16
1,2025-04-30
168,2025-03-05
272,2025-05-01
68,2025-04-04
480,2025-04-21
689,2025-04-22
117,2025-03-25
686,2025-05-06
351,2025-05-26
746,2025-05-13
481,2025-06-09
591,2025-07-28
562,2025-05-19
647,2025-06-19
335,2025-06-18
160,2025-06-05
699,2025-06-02
533,2025-08-02
286,2025-07-22
252,2025-05-31
23,2025-05-21
495,2025-04-05
337,2025-07-21
308,2025-06-27
742,2025-07-01
53,2025-06-11
308,2025-05-27
110,2025-03-20
569,2025-06-12
225,2025-04-29
476,2025-04-21
101,2025-06-27
556,2025-07-05
372,2025-05-25
410,2025-06-01
581,2025-06-29
307,2025-05-09
249,2025-03-10
639,2025-05-18
679,2025-03-26
322,2025-04-06
447,2025-07-01
443,2025-04-21
425,2025-06-14
32,2025-05-10
380,2025-06-01
316,2025-06-16
499,2025-07-11
406,2025-05-05
220,2025-04-20
441,2025-04-25
294,2025-05-22
626,2025-04-27
345,2025-04-01
613,2025-05-26
608,2025-04-15
85,2025-04-03
85,2025-04-01
9,2025-05-12
554,2025-05-13
505,2025-03-04
715,2025-07-11
156,2025-05-01
3,2025-06-28
182,2025-03-16
137,2025-03-27
376,2025-07-27
703,2025-07-29
366,2025-07-21
586,2025-04-04
42,2025-05-15
318,2025-06-16
103,2025-03-18
597,2025-03-21
41,2025-06-13
1,2025-05-16
175,2025-05-12
503,2025-05-16
274,2025-07-27
299,2025-07-27
539,2025-04-20
628,2025-06-16
142,2025-05-22
474,2025-05-23
267,2025-03-10
659,2025-06-07
528,2025-05-18
509,2025-05-10
230,2025-05-19
291,2025-05-13
403,2025-04-29
681,2025-05-12
712,2025-06-24
464,2025-07-01
522,2025-04-29
301,2025-06-03
723,2025-04-26
429,2025-06-11
317,2025-07-04
335,2025-05-08
247,2025-07-10
153,2025-05-24
159,2025-05-08
82,2025-04-09
602,2025-04-07
152,2025-03-18
460,2025-03-24
153,2025-03-04
290,2025-04-07
705,2025-06-11
594,2025-04-23
736,2025-07-18
446,2025-05-29
126,2025-07-24
685,2025-08-08
566,2025-07-31
310,2025-07-10
215,2025-04-30
672,2025-04-20
373,2025-04-30
401,2025-05-13
354,2025-03-24
51,2025-03-08
259,2025-06-24
192,2025-06-25
475,2025-05-19
408,2025-07-27
332,2025-06-09
137,2025-03-31
725,2025-06-14
675,2025-06-11
581,2025-08-15
189,2025-03-06
169,2025-06-15
426,2025-03-18
499,2025-06-21
152,2025-03-10
144,2025-05-14
526,2025-06-09
508,2025-04-13
208,2025-05-16
428,2025-05-08
10,2025-07-23
370,2025-05-07
630,2025-04-30
346,2025-04-06
108,2025-06-21
514,2025-06-08
217,2025-06-04
341,2025-07-07
675,2025-07-05
281,2025-07-07
401,2025-06-25
605,2025-05-14
627,2025-03-25
446,2025-04-12
466,2025-05-31
561,2025-05-14
552,2025-06-14
46,2025-04-29
341,2025-04-13
418,2025-07-09
643,2025-03-08
486,2025-07-09
475,2025-05-12
586,2025-04-22
323,2025-06-26
229,2025-04-18
272,2025-04-08
668,2025-05-10
235,2025-05-16
594,2025-04-25
405,2025-04-05
5,2025-05-27
235,2025-02-25
228,2025-05-09
245,2025-04-28
3,2025-06-23
49,2025-04-29
281,2025-07-08
560,2025-05-14
17,2025-06-06
656,2025-05-31
615,2025-05-28
53,2025-05-30
595,2025-05-13
547,2025-07-03
566,2025-06-22
119,2025-06-13
399,2025-05-07
744,2025-05-13
182,2025-05-20
672,2025-05-11
15,2025-05-24
440,2025-03-27
337,2025-08-07
252,2025-07-03
22,2025-04-16
133,2025-05-18
174,2025-07-14
300,2025-07-15
264,2025-06-26
166,2025-04-20
209,2025-05-01
371,2025-04-19
296,2025-06-02
556,2025-07-29
562,2025-06-27
71,2025-03-18
160,2025-03-27
4,2025-06-09
68,2025-04-10
184,2025-05-03
463,2025-05-18
125,2025-07-02
548,2025-06-25
524,2025-03-31
493,2025-07-06
630,2025-04-18
86,2025-06-13
95,2025-06-22
181,2025-05-19
194,2025-06-23
257,2025-03-18
636,2025-05-17
65,2025-06-05
150,2025-05-12
165,2025-07-15
707,2025-05-31
199,2025-06-29
647,2025-05-09
31,2025-05-07
399,2025-04-21
107,2025-05-29
413,2025-04-13
172,2025-05-21
636,2025-07-26
496,2025-07-14
715,2025-04-28
233,2025-07-16
507,2025-07-11
469,2025-06-23
330,2025-08-08
378,2025-03-24
43,2025-05-17
464,2025-06-10
4,2025-07-22
364,2025-04-10
681,2025-06-08
665,2025-06-27
426,2025-03-07
323,2025-06-10
88,2025-03-28
99,2025-07-14
534,2025-06-29
120,2025-07-06
140,2025-07-03
507,2025-07-10
565,2025-05-01
123,2025-07-14
34,2025-07-07
325,2025-03-24
320,2025-06-14
436,2025-05-26
40,2025-04-10
57,2025-05-13
681,2025-05-09
713,2025-05-03
389,2025-03-29
288,2025-06-13
422,2025-05-18
544,2025-04-15
77,2025-05-08
316,2025-06-24
417,2025-03-19
27,2025-06-17
336,2025-05-14
729,2025-03-24
141,2025-05-07
618,2025-07-11
103,2025-04-29
117,2025-03-27
271,2025-06-24
326,2025-04-13
188,2025-06-26
218,2025-07-01
81,2025-04-23
51,2025-04-08
319,2025-06-07
555,2025-04-17
730,2025-06-08
592,2025-06-10
560,2025-04-29
566,2025-08-09
305,2025-03-24
414,2025-03-05
320,2025-05-30
96,2025-07-16
342,2025-04-02
54,2025-04-29
71,2025-03-21
603,2025-05-02
110,2025-05-02
44,2025-06-28
370,2025-05-15
555,2025-04-20
271,2025-06-02
606,2025-05-11
254,2025-03-14
343,2025-05-28
190,2025-06-11
583,2025-06-15
107,2025-06-13
18,2025-06-18
224,2025-08-11
130,2025-03-19
699,2025-05-23
245,2025-04-30
6,2025-07-16
536,2025-06-03
591,2025-06-11
505,2025-05-02
244,2025-04-10
441,2025-04-22
628,2025-08-04
398,2025-05-01
541,2025-04-26
353,2025-04-09
415,2025-05-06
422,2025-07-22
295,2025-04-29
256,2025-06-26
128,2025-07-27
431,2025-04-21
664,2025-05-17
510,2025-05-11
118,2025-06-27
605,2025-03-21
260,2025-08-10
132,2025-05-06
189,2025-05-27
595,2025-05-01
688,2025-06-06
136,2025-04-10
237,2025-06-03
48,2025-04-06
701,2025-04-30
137,2025-03-17
284,2025-03-20
589,2025-04-08
668,2025-06-01
735,2025-03-10
713,2025-04-01
424,2025-04-28
350,2025-05-25
458,2025-05-02
151,2025-08-05
127,2025-04-06
333,2025-06-04
388,2025-06-15
532,2025-05-25
282,2025-04-20
680,2025-06-04
651,2025-05-31
212,2025-04-14
362,2025-04-06
682,2025-05-21
249,2025-04-21
501,2025-06-19
448,2025-05-03
259,2025-05-06
444,2025-07-08
163,2025-03-22
62,2025-07-03
537,2025-06-21
209,2025-06-02
114,2025-06-04
145,2025-04-03
287,2025-05-15
437,2025-04-07
485,2025-05-21
67,2025-07-28
466,2025-04-30
311,2025-05-12
230,2025-04-18
206,2025-06-06
283,2025-06-15
400,2025-04-09
165,2025-07-10
226,2025-05-26
137,2025-02-20
241,2025-06-12
498,2025-04-24
225,2025-06-07
522,2025-06-11
149,2025-03-21
275,2025-07-02
535,2025-04-07
707,2025-04-05
279,2025-07-03
529,2025-05-13
414,2025-03-02
65,2025-07-27
110,2025-04-01
290,2025-03-28
251,2025-06-26
570,2025-06-24
589,2025-06-14
188,2025-07-03
509,2025-04-30
4,2025-05-29
21,2025-04-10
707,2025-06-02
430,2025-05-10
350,2025-04-29
493,2025-05-06
192,2025-05-06
314,2025-06-12
258,2025-05-29
279,2025-06-24
205,2025-06-28
412,2025-06-05
617,2025-07-07
578,2025-04-04
99,2025-06-16
484,2025-07-10
201,2025-06-15
333,2025-04-18
345,2025-04-26
483,2025-05-23
546,2025-04-22
505,2025-03-22
442,2025-07-28
17,2025-06-30
79,2025-04-27
579,2025-04-29
237,2025-06-24
45,2025-04-08
479,2025-04-29
548,2025-05-06
106,2025-08-09
562,2025-06-02
736,2025-06-04
227,2025-04-23
224,2025-06-29
100,2025-03-19
263,2025-03-15
602,2025-05-14
124,2025-04-01
659,2025-05-24
461,2025-05-07
96,2025-06-05
243,2025-05-31
122,2025-05-10
257,2025-05-31
550,2025-06-06
247,2025-05-17
488,2025-07-01
284,2025-05-14
172,2025-07-20
713,2025-03-31
502,2025-04-19
422,2025-06-20
103,2025-03-25
516,2025-07-06
235,2025-05-04
285,2025-02-26
438,2025-05-25
358,2025-06-30
464,2025-07-27
713,2025-04-21
28,2025-05-14
643,2025-05-12
22,2025-06-28
282,2025-03-19
177,2025-04-08
240,2025-04-18
184,2025-05-14
215,2025-03-26
136,2025-05-12
472,2025-04-14
678,2025-05-12
232,2025-06-30
138,2025-05-02
121,2025-05-16
376,2025-07-21
307,2025-07-25
443,2025-04-21
705,2025-05-10
163,2025-05-14
388,2025-03-23
176,2025-05-27
36,2025-05-02
180,2025-07-13
431,2025-04-02
87,2025-04-02
217,2025-05-26
158,2025-05-18
112,2025-04-20
235,2025-05-20
171,2025-05-03
731,2025-05-29
731,2025-06-03
694,2025-07-01
606,2025-05-14
338,2025-06-01
162,2025-06-11
546,2025-06-03
581,2025-06-14
460,2025-05-01
177,2025-06-05
456,2025-04-05
324,2025-05-21
621,2025-04-11
21,2025-03-25
416,2025-04-20
385,2025-05-24
477,2025-04-11
596,2025-04-16
712,2025-05-11
56,2025-03-19
718,2025-06-03
116,2025-07-07
491,2025-04-18
666,2025-06-21
730,2025-04-16
55,2025-05-19
185,2025-07-02
238,2025-05-28
247,2025-05-18
521,2025-07-01
557,2025-04-20
248,2025-05-24
566,2025-05-27
348,2025-04-29
551,2025-03-04
266,2025-04-20
341,2025-06-20
140,2025-05-26
46,2025-05-17
503,2025-05-29
144,2025-05-12
716,2025-07-03
92,2025-07-17
152,2025-05-23
453,2025-03-02
433,2025-07-08
560,2025-04-01
330,2025-07-15
169,2025-08-09
283,2025-05-28
31,2025-03-29
12,2025-04-23
681,2025-07-19
25,2025-04-26
86,2025-06-09
169,2025-08-03
600,2025-03-26
85,2025-06-18
195,2025-05-07
101,2025-05-25
552,2025-07-08
381,2025-03-29
646,2025-06-02
27,2025-05-31
362,2025-04-22
389,2025-06-04
118,2025-07-10
662,2025-04-19
300,2025-05-24
164,2025-05-12
559,2025-03-27
615,2025-05-29
591,2025-07-26
489,2025-04-25
503,2025-07-08
79,2025-05-03
180,2025-05-23
514,2025-08-01
44,2025-06-08
389,2025-05-09
42,2025-06-27
446,2025-06-05
27,2025-05-17
614,2025-04-19
3,2025-07-22
268,2025-04-23
387,2025-06-09
652,2025-06-19
91,2025-07-02
742,2025-07-16
282,2025-05-01
154,2025-07-05
387,2025-07-07
126,2025-06-02
423,2025-06-03
276,2025-07-22
234,2025-04-10
379,2025-05-24
51,2025-04-19
318,2025-05-26
591,2025-07-05
748,2025-04-23
566,2025-05-22
641,2025-06-21
55,2025-05-05
213,2025-06-08
421,2025-07-13
629,2025-05-07
472,2025-06-25
364,2025-04-10
640,2025-06-13
539,2025-05-04
129,2025-03-14
63,2025-06-14
49,2025-05-05
402,2025-04-11
542,2025-03-16
570,2025-06-13
6,2025-05-23
641,2025-05-25
660,2025-03-30
561,2025-06-06
511,2025-05-09
529,2025-04-28
388,2025-04-16
542,2025-05-22
66,2025-04-13
275,2025-06-16
159,2025-07-29
68,2025-03-25
714,2025-04-25
634,2025-06-21
303,2025-05-08
535,2025-05-18
661,2025-06-26
683,2025-05-01
418,2025-06-02
163,2025-03-17
249,2025-04-12
735,2025-03-12
378,2025-05-05
442,2025-06-14
107,2025-05-03
258,2025-03-11
474,2025-03-12
400,2025-04-12
647,2025-05-14
161,2025-06-16
383,2025-04-25
44,2025-05-22
413,2025-04-15
739,2025-05-15
378,2025-04-11
557,2025-07-07
192,2025-05-30
197,2025-05-08
685,2025-05-25
482,2025-06-08
316,2025-07-08
287,2025-05-30
526,2025-06-05
544,2025-05-03
24,2025-03-20
749,2025-04-09
378,2025-03-29
570,2025-07-05
513,2025-07-05
183,2025-04-18
340,2025-06-03
477,2025-06-17
714,2025-03-12
690,2025-07-25
349,2025-04-28
297,2025-07-29
655,2025-03-24
299,2025-06-09
210,2025-05-10
214,2025-04-11
199,2025-07-05
264,2025-07-18
323,2025-07-11
126,2025-06-22
746,2025-04-24
145,2025-03-11
93,2025-05-03
729,2025-05-28
466,2025-05-23
478,2025-03-26
558,2025-03-07
622,2025-03-20
247,2025-07-26
94,2025-07-13
696,2025-05-14
505,2025-03-20
138,2025-06-18
660,2025-04-18
232,2025-04-17
417,2025-03-21
741,2025-03-29
86,2025-07-16
518,2025-05-04
336,2025-06-09
98,2025-04-27
513,2025-06-21
566,2025-07-23
9,2025-04-24
190,2025-04-15
28,2025-05-05
601,2025-03-21
343,2025-06-29
115,2025-06-26
131,2025-08-01
537,2025-05-16
251,2025-06-29
387,2025-06-07
484,2025-07-12
720,2025-05-04
271,2025-06-18
611,2025-05-29
743,2025-06-24
4,2025-07-28
697,2025-04-03
402,2025-04-26
625,2025-05-03
138,2025-05-05
79,2025-05-23
619,2025-05-14
127,2025-04-26
655,2025-05-29
294,2025-05-04
553,2025-05-27
232,2025-05-11
407,2025-07-05
489,2025-05-02
28,2025-07-16
143,2025-04-13
200,2025-05-03
741,2025-04-09
221,2025-07-02
617,2025-06-29
152,2025-03-14
246,2025-06-22
282,2025-04-06
346,2025-05-29
79,2025-04-25
262,2025-04-24
713,2025-05-07
134,2025-07-22
549,2025-04-18
44,2025-06-14
646,2025-03-19
346,2025-05-06
505,2025-04-12
439,2025-07-08
48,2025-06-02
711,2025-04-23
120,2025-05-08
437,2025-04-08
44,2025-05-23
57,2025-06-10
209,2025-05-27
400,2025-04-25
623,2025-05-15
28,2025-06-20
158,2025-06-21
467,2025-05-04
329,2025-05-27
103,2025-04-05
224,2025-06-14
349,2025-06-08
54,2025-06-06
522,2025-05-30
188,2025-06-08
586,2025-04-06
498,2025-05-25
497,2025-06-09
575,2025-07-20
147,2025-05-11
216,2025-07-12
271,2025-06-19
42,2025-05-08
248,2025-04-24
568,2025-03-27
541,2025-05-16
199,2025-06-11
306,2025-03-29
489,2025-06-13
564,2025-06-04
140,2025-06-25
48,2025-04-24
240,2025-07-04
384,2025-06-21
742,2025-05-26
55,2025-03-27
684,2025-05-18
463,2025-07-02
711,2025-04-13
621,2025-03-21
520,2025-05-22
579,2025-06-25
725,2025-04-29
297,2025-06-08
588,2025-04-22
17,2025-05-30
262,2025-07-03
170,2025-05-17
613,2025-07-14
587,2025-06-09
641,2025-06-14
640,2025-06-05
385,2025-06-09
304,2025-06-14
658,2025-07-27
615,2025-05-30
695,2025-05-04
92,2025-07-17
303,2025-05-05
549,2025-04-12
594,2025-05-12
653,2025-05-22
255,2025-05-13
339,2025-06-02
106,2025-06-20
22,2025-06-07
318,2025-07-16
634,2025-04-20
180,2025-05-11
111,2025-04-19
229,2025-03-29
145,2025-04-22
414,2025-05-11
574,2025-03-09
418,2025-07-13
717,2025-04-19
572,2025-06-25
159,2025-06-23
656,2025-05-07
469,2025-06-27
32,2025-06-19
453,2025-03-15
222,2025-04-28
576,2025-03-27
533,2025-07-23
226,2025-05-11
687,2025-06-06
617,2025-06-11
666,2025-05-09
533,2025-05-24
674,2025-06-27
18,2025-05-25
4,2025-06-23
418,2025-07-18
121,2025-05-08
712,2025-07-06
625,2025-05-14
350,2025-05-02
563,2025-05-24
416,2025-05-28
368,2025-06-18
693,2025-03-08
445,2025-07-31
273,2025-05-14
564,2025-05-16
587,2025-05-09
353,2025-05-14
646,2025-03-26
222,2025-03-21
576,2025-04-28
437,2025-04-18
689,2025-05-16
150,2025-04-23
542,2025-04-10
586,2025-05-06
124,2025-03-29
197,2025-06-09
409,2025-06-28
153,2025-03-25
602,2025-05-01
522,2025-04-24
642,2025-05-18
31,2025-04-15
490,2025-04-19
2,2025-02-22
684,2025-06-05
445,2025-07-23
401,2025-06-07
65,2025-05-23
120,2025-06-10
516,2025-05-18
77,2025-03-16
685,2025-06-08
627,2025-04-11
27,2025-05-18
68,2025-04-24
541,2025-03-27
627,2025-05-21
286,2025-05-17
301,2025-05-31
622,2025-03-04
330,2025-05-24
465,2025-05-30
182,2025-05-31
535,2025-03-31
597,2025-05-06
658,2025-07-02
643,2025-03-18
52,2025-05-28
226,2025-06-20
287,2025-05-27
18,2025-06-21
452,2025-05-23
614,2025-05-19
401,2025-05-09
60,2025-05-15
144,2025-06-04
422,2025-08-02
134,2025-08-01
141,2025-04-14
20,2025-07-09
95,2025-07-09
743,2025-07-21
486,2025-07-05
49,2025-05-10
579,2025-07-10
617,2025-05-04
270,2025-04-28
407,2025-07-05
691,2025-07-25
270,2025-05-04
200,2025-05-07
208,2025-06-20
238,2025-05-23
136,2025-05-15
367,2025-04-25
208,2025-06-06
411,2025-03-25
479,2025-05-16
82,2025-05-31
11,2025-04-20
169,2025-08-08
105,2025-05-05
618,2025-05-16
1,2025-06-09
116,2025-05-25
433,2025-05-18
526,2025-06-17
326,2025-04-14
479,2025-05-10
560,2025-06-03
354,2025-05-03
125,2025-05-23
224,2025-07-09
77,2025-05-30
559,2025-04-15
315,2025-06-12
607,2025-04-16
744,2025-04-22
593,2025-05-17
49,2025-05-08
406,2025-03-28
523,2025-03-15
97,2025-05-05
283,2025-05-21
55,2025-04-13
463,2025-05-01
699,2025-04-20
105,2025-06-14
482,2025-06-28
111,2025-04-14
475,2025-04-28
684,2025-06-05
175,2025-04-15
77,2025-03-07
166,2025-05-17
95,2025-07-09
604,2025-05-22
187,2025-04-30
644,2025-05-10
268,2025-05-28
430,2025-03-20
587,2025-05-30
349,2025-06-25
749,2025-06-22
622,2025-04-20
240,2025-06-06
238,2025-07-20
249,2025-03-04
528,2025-05-28
557,2025-07-07
327,2025-07-06
30,2025-04-19
235,2025-05-04
461,2025-04-13
505,2025-05-21
603,2025-07-10
737,2025-06-26
439,2025-07-04
698,2025-05-27
465,2025-06-08
717,2025-04-24
413,2025-05-19
242,2025-06-16
531,2025-03-30
16,2025-07-03
3,2025-06-16
554,2025-04-07
87,2025-06-05
176,2025-05-03
230,2025-05-11
358,2025-06-26
691,2025-06-07
89,2025-04-21
696,2025-07-12
375,2025-04-08
344,2025-06-03
459,2025-03-23
704,2025-04-03
415,2025-05-03
154,2025-05-24
536,2025-07-22
179,2025-04-27
585,2025-03-22
336,2025-07-02
408,2025-06-25
609,2025-03-15
571,2025-06-19
548,2025-07-23
275,2025-06-15
441,2025-06-13
624,2025-07-05
296,2025-07-02
17,2025-04-23
130,2025-03-02
339,2025-03-26
620,2025-06-13
748,2025-05-17
679,2025-05-26
444,2025-07-25
734,2025-07-19
257,2025-05-19
299,2025-07-31
134,2025-06-24
621,2025-04-27
625,2025-05-24
567,2025-05-30
68,2025-05-28
87,2025-04-18
356,2025-07-11
642,2025-07-21
520,2025-06-02
37,2025-07-02
671,2025-04-15
94,2025-06-08
184,2025-05-19
558,2025-04-21
459,2025-04-28
490,2025-04-16
553,2025-07-13
192,2025-04-26
631,2025-07-06
282,2025-04-12
80,2025-05-16
66,2025-05-12
680,2025-07-08
507,2025-07-18
545,2025-07-13
394,2025-06-17
154,2025-08-02
589,2025-06-02
518,2025-05-04
736,2025-06-06
133,2025-05-25
529,2025-06-16
201,2025-07-17
40,2025-06-18
545,2025-06-20
698,2025-07-18
1,2025-06-12
659,2025-04-02
699,2025-06-07
244,2025-05-20
54,2025-07-10
276,2025-05-21
680,2025-06-25
400,2025-04-23
746,2025-06-14
340,2025-08-12
468,2025-05-12
40,2025-03-31
690,2025-05-13
172,2025-06-01
555,2025-04-29
351,2025-04-25
275,2025-06-17
187,2025-06-23
403,2025-05-14
608,2025-04-17
201,2025-06-01
362,2025-05-30
302,2025-05-12
654,2025-04-03
650,2025-03-14
700,2025-07-24
590,2025-04-23
401,2025-05-17
200,2025-06-20
587,2025-04-04
349,2025-06-14
169,2025-06-16
82,2025-06-28
697,2025-04-17
192,2025-06-30
346,2025-06-06
183,2025-04-26
399,2025-03-18
590,2025-04-10
414,2025-05-14
227,2025-06-23
228,2025-04-25
543,2025-07-26
703,2025-06-17
105,2025-05-23
517,2025-05-17
574,2025-05-31
401,2025-06-05
375,2025-04-10
662,2025-05-14
532,2025-04-01
396,2025-05-15
333,2025-04-15
625,2025-04-30
500,2025-07-28
295,2025-04-28
230,2025-02-20
199,2025-06-07
644,2025-07-04
123,2025-07-21
525,2025-07-13
77,2025-03-20
493,2025-06-27
496,2025-05-21
49,2025-05-15
535,2025-06-04
342,2025-05-12
242,2025-05-30
39,2025-03-23
373,2025-05-06
404,2025-06-25
91,2025-06-27
301,2025-05-09
111,2025-05-07
336,2025-05-16
110,2025-03-29
747,2025-04-22
375,2025-06-25
220,2025-04-22
488,2025-06-10
100,2025-04-14
437,2025-06-02
325,2025-02-26
17,2025-06-21
273,2025-05-22
714,2025-05-26
112,2025-04-01
90,2025-03-17
363,2025-05-05
468,2025-04-19
631,2025-07-16
125,2025-07-27
606,2025-05-07
485,2025-05-25
62,2025-07-22
135,2025-05-22
7,2025-05-16
370,2025-04-10
241,2025-05-26
540,2025-04-30
357,2025-05-23
167,2025-04-03
339,2025-06-01
439,2025-07-06
60,2025-04-29
598,2025-07-18
426,2025-05-03
552,2025-06-12
287,2025-05-31
172,2025-05-14
505,2025-05-22
346,2025-06-10
346,2025-06-30
287,2025-07-01
648,2025-05-17
603,2025-06-25
373,2025-05-20
730,2025-06-16
295,2025-04-17
515,2025-05-16
312,2025-07-07
122,2025-05-09
710,2025-05-27
341,2025-04-14
140,2025-05-04
41,2025-04-01
160,2025-04-20
382,2025-07-08
236,2025-05-21
663,2025-04-14
75,2025-05-27
135,2025-06-12
119,2025-06-24
325,2025-03-01
214,2025-02-25
332,2025-05-26
493,2025-04-16
535,2025-04-01
649,2025-06-02
436,2025-06-29
187,2025-07-13
103,2025-04-19
311,2025-03-27
533,2025-07-13
632,2025-04-19
396,2025-05-19
635,2025-06-11
148,2025-06-22
707,2025-04-21
434,2025-05-31
653,2025-05-06
737,2025-05-13
659,2025-05-01
154,2025-05-15
133,2025-05-31
528,2025-08-04
172,2025-06-13
295,2025-04-21
72,2025-04-26
224,2025-06-04
725,2025-06-29
109,2025-04-03
195,2025-03-15
130,2025-03-23
622,2025-03-13
661,2025-04-02
642,2025-06-21
640,2025-04-04
61,2025-04-21
9,2025-05-04
533,2025-06-07
426,2025-04-09
502,2025-04-12
209,2025-06-20
475,2025-04-09
25,2025-06-30
170,2025-05-26
414,2025-05-05
724,2025-05-16
682,2025-04-25
182,2025-04-04
359,2025-07-18
476,2025-05-13
267,2025-04-05
576,2025-05-17
273,2025-07-03
139,2025-07-04
159,2025-07-16
34,2025-05-28
146,2025-06-01
93,2025-06-25
686,2025-05-06
392,2025-06-09
568,2025-04-26
748,2025-05-01
402,2025-03-16
563,2025-05-29
736,2025-07-13
124,2025-05-18
481,2025-05-29
65,2025-07-13
704,2025-03-28
204,2025-05-21
735,2025-03-23
579,2025-07-04
597,2025-04-03
30,2025-04-17
187,2025-05-09
159,2025-07-16
581,2025-08-04
220,2025-04-21
176,2025-04-22
438,2025-04-07
674,2025-06-30
78,2025-07-20
311,2025-03-21
567,2025-05-20
148,2025-05-20
171,2025-05-10
669,2025-05-14
720,2025-04-02
592,2025-05-22
209,2025-05-21
570,2025-05-16
274,2025-07-05
126,2025-07-04
743,2025-07-23
475,2025-04-28
225,2025-04-18
403,2025-04-23
254,2025-03-06
585,2025-04-16
268,2025-04-24
592,2025-05-16
626,2025-04-20
185,2025-06-21
619,2025-07-18
450,2025-03-05
192,2025-07-05
179,2025-06-13
72,2025-03-10
57,2025-05-17
253,2025-07-27
611,2025-07-12
540,2025-04-22
737,2025-04-20
220,2025-05-01
725,2025-06-01
142,2025-07-27
572,2025-07-01
249,2025-03-06
153,2025-02-26
692,2025-05-04
138,2025-06-13
407,2025-05-05
562,2025-05-01
178,2025-05-05
46,2025-04-26
568,2025-05-28
622,2025-05-21
477,2025-06-05
516,2025-06-26
583,2025-05-13
358,2025-08-11
216,2025-08-02
740,2025-06-01
382,2025-07-12
527,2025-04-19
190,2025-04-19
653,2025-05-18
404,2025-05-24
42,2025-05-19
18,2025-05-24
310,2025-05-11
398,2025-06-28
84,2025-07-09
588,2025-05-10
113,2025-04-26
69,2025-04-17
167,2025-04-12
746,2025-06-08
96,2025-04-25
153,2025-05-16
592,2025-04-04
748,2025-07-02
357,2025-06-25
25,2025-05-04
311,2025-03-16
490,2025-04-26
670,2025-05-21
198,2025-05-04
627,2025-03-25
6,2025-07-02
426,2025-05-06
85,2025-04-17
704,2025-05-15
512,2025-03-02
624,2025-05-11
149,2025-04-26
50,2025-06-23
155,2025-03-09
119,2025-06-09
162,2025-04-11
704,2025-05-29
472,2025-05-29
478,2025-06-03
143,2025-02-26
118,2025-07-23
690,2025-05-09
119,2025-05-28
392,2025-05-07
108,2025-05-07
186,2025-05-06
124,2025-05-15
739,2025-02-22
458,2025-05-01
741,2025-05-02
678,2025-05-22
449,2025-04-17
203,2025-07-15
748,2025-05-15
38,2025-04-27
586,2025-04-17
442,2025-07-05
346,2025-05-02
550,2025-03-19
677,2025-04-07
467,2025-07-17
682,2025-04-05
534,2025-05-02
154,2025-06-20
181,2025-04-12
93,2025-05-27
24,2025-05-02
700,2025-07-06
641,2025-06-28
144,2025-05-27
9,2025-07-05
681,2025-06-02
138,2025-05-17
611,2025-06-19
385,2025-04-02
18,2025-07-03
199,2025-07-27
376,2025-06-15
739,2025-04-07
68,2025-05-29
2,2025-03-21
733,2025-05-27
583,2025-06-02
354,2025-04-01
712,2025-07-08
509,2025-02-24
100,2025-04-13
465,2025-04-23
146,2025-04-18
196,2025-04-18
368,2025-06-19
335,2025-06-20
376,2025-06-20
315,2025-05-26
218,2025-04-21
266,2025-03-27
160,2025-03-15
145,2025-04-28
56,2025-04-13
127,2025-04-05
629,2025-03-17
491,2025-03-28
571,2025-06-07
285,2025-03-05
171,2025-06-14
635,2025-04-17
454,2025-04-12
442,2025-07-11
605,2025-02-27
423,2025-06-13
134,2025-06-02
289,2025-05-09
666,2025-04-21
351,2025-04-18
268,2025-04-12
701,2025-05-30
658,2025-05-11
228,2025-06-10
728,2025-06-08
34,2025-05-18
61,2025-03-19
18,2025-07-06
372,2025-05-24
509,2025-05-05
656,2025-06-18
378,2025-04-22
316,2025-08-04
67,2025-06-30
454,2025-06-16
694,2025-06-08
381,2025-04-27
436,2025-05-11
253,2025-06-04
492,2025-03-29
141,2025-04-02
473,2025-04-29
3,2025-05-13
46,2025-06-03
61,2025-03-19
527,2025-03-20
40,2025-04-23
28,2025-06-23
568,2025-04-25
103,2025-05-10
409,2025-05-25
93,2025-06-22
166,2025-04-20
529,2025-04-09
558,2025-03-02
530,2025-04-21
745,2025-05-23
376,2025-06-28
110,2025-03-20
607,2025-04-13
738,2025-05-29
351,2025-06-07
63,2025-07-09
87,2025-04-07
521,2025-04-20
419,2025-05-02
105,2025-05-26
56,2025-04-18
730,2025-04-28
341,2025-04-21
49,2025-05-26
370,2025-05-31
283,2025-06-16
308,2025-05-20
411,2025-04-03
117,2025-06-13
202,2025-03-18
18,2025-06-30
446,2025-04-30
358,2025-07-23
541,2025-06-14
364,2025-06-04
437,2025-07-05
440,2025-06-01
260,2025-07-16
31,2025-04-20
124,2025-05-07
6,2025-06-01
204,2025-06-19
206,2025-05-26
413,2025-04-06
451,2025-04-17
448,2025-06-16
448,2025-05-16
81,2025-05-09
600,2025-03-24
538,2025-04-13
142,2025-08-11
487,2025-03-08
33,2025-03-11
273,2025-06-23
425,2025-06-08
103,2025-04-22
339,2025-06-10
604,2025-03-18
70,2025-04-06
52,2025-06-07
603,2025-07-03
683,2025-05-21
128,2025-05-30
39,2025-03-14
671,2025-03-23
600,2025-04-15
557,2025-06-20
70,2025-06-03
717,2025-07-16
647,2025-06-23
277,2025-07-05
4,2025-06-19
256,2025-07-03
725,2025-04-29
325,2025-03-15
44,2025-05-31
626,2025-06-22
514,2025-05-18
604,2025-04-22
663,2025-05-31
509,2025-04-13
621,2025-05-21
505,2025-05-13
230,2025-05-13
67,2025-06-08
475,2025-05-10
450,2025-05-31
124,2025-04-19
392,2025-06-02
570,2025-05-14
105,2025-06-16
392,2025-03-29
153,2025-03-22
497,2025-05-22
51,2025-05-05
492,2025-05-28
273,2025-06-03
239,2025-04-02
331,2025-07-03
188,2025-05-10
706,2025-05-13
686,2025-05-23
610,2025-05-09
597,2025-05-22
117,2025-06-01
457,2025-02-19
69,2025-04-06
170,2025-05-21
677,2025-04-02
27,2025-06-08
479,2025-03-14
528,2025-07-03
554,2025-04-10
109,2025-03-28
421,2025-05-04
163,2025-06-07
682,2025-05-21
29,2025-07-04
677,2025-06-04
266,2025-03-30
559,2025-03-19
241,2025-05-08
701,2025-06-08
630,2025-05-26
526,2025-06-08
517,2025-07-17
460,2025-03-26
115,2025-04-27
456,2025-03-03
749,2025-06-03
516,2025-07-12
602,2025-04-29
678,2025-05-20
32,2025-04-07
560,2025-05-12
267,2025-03-28
548,2025-05-14
165,2025-05-25
463,2025-05-20
535,2025-05-10
239,2025-05-23
451,2025-05-19
383,2025-05-14
12,2025-06-28
177,2025-03-26
27,2025-06-14
554,2025-03-25
429,2025-07-11
328,2025-04-20
683,2025-04-03
185,2025-05-19
390,2025-06-24
88,2025-04-18
610,2025-05-23
94,2025-07-15
685,2025-05-25
162,2025-05-31
512,2025-05-16
605,2025-03-31
170,2025-06-11
687,2025-05-07
574,2025-05-05
155,2025-04-18
744,2025-05-21
593,2025-06-30
489,2025-06-13
651,2025-05-19
274,2025-05-18
603,2025-06-16
235,2025-03-07
265,2025-05-06
595,2025-06-09
116,2025-06-11
438,2025-03-02
507,2025-07-10
658,2025-06-11
182,2025-05-13
291,2025-08-03
708,2025-06-09
572,2025-05-24
342,2025-04-16
363,2025-04-26
472,2025-06-20
675,2025-07-26
657,2025-04-29
187,2025-05-24
656,2025-04-27
620,2025-05-09
719,2025-06-20
290,2025-05-13
386,2025-04-30
560,2025-04-22
738,2025-06-18
627,2025-04-23
27,2025-06-15
464,2025-07-21
320,2025-04-26
67,2025-07-09
12,2025-05-09
575,2025-06-11
105,2025-06-13
146,2025-04-03
365,2025-07-26
249,2025-05-09
417,2025-04-21
556,2025-07-10
129,2025-03-06
515,2025-07-12
228,2025-04-16
548,2025-06-17
546,2025-06-08
514,2025-06-12
629,2025-03-02
447,2025-05-28
265,2025-06-14
492,2025-04-04
540,2025-04-15
617,2025-07-08
70,2025-05-16
23,2025-06-14
65,2025-05-27
308,2025-05-04
220,2025-03-14
601,2025-04-08
367,2025-06-27
615,2025-05-25
168,2025-03-27
732,2025-05-27
111,2025-04-25
219,2025-05-01
737,2025-05-28
1,2025-06-04
192,2025-05-24
45,2025-04-14
329,2025-07-10
524,2025-03-28
411,2025-04-23
718,2025-03-29
170,2025-05-12
286,2025-06-14
508,2025-03-27
269,2025-03-15
632,2025-03-13
440,2025-04-26
666,2025-04-12
198,2025-07-25
297,2025-06-07
29,2025-06-26
427,2025-07-05
65,2025-07-15
496,2025-05-08
529,2025-04-20
717,2025-05-20
609,2025-05-17
587,2025-05-30
646,2025-03-22
560,2025-05-30
747,2025-03-31
411,2025-05-10
565,2025-04-06
100,2025-04-18
82,2025-05-28
278,2025-04-22
530,2025-04-22
232,2025-05-23
638,2025-06-03
404,2025-08-05
386,2025-04-14
560,2025-05-15
632,2025-05-24
552,2025-07-05
255,2025-07-23
596,2025-05-22
714,2025-05-23
563,2025-07-01
320,2025-06-10
391,2025-07-05
320,2025-07-04
93,2025-06-01
349,2025-07-08
268,2025-05-02
676,2025-05-24
114,2025-05-14
629,2025-03-14
740,2025-05-18
696,2025-05-12
60,2025-06-14
490,2025-05-07
253,2025-07-31
391,2025-07-21
46,2025-05-07
117,2025-03-24
486,2025-05-27
433,2025-07-14
746,2025-04-03
233,2025-07-08
551,2025-05-03
405,2025-03-29
432,2025-06-21
255,2025-06-16
727,2025-08-01
129,2025-03-18
528,2025-07-19
267,2025-03-31
382,2025-07-03
58,2025-04-21
498,2025-03-06
51,2025-03-07
609,2025-06-01
667,2025-05-12
309,2025-04-01
306,2025-05-05
595,2025-05-18
184,2025-04-25
301,2025-04-29
385,2025-06-12
281,2025-07-11
629,2025-04-21
442,2025-07-20
421,2025-05-03
335,2025-06-06
269,2025-03-20
15,2025-04-06
323,2025-06-05
373,2025-06-11
454,2025-05-15
551,2025-02-24
585,2025-05-01
316,2025-06-26
227,2025-04-20
519,2025-06-16
30,2025-04-30
134,2025-06-17
379,2025-04-03
415,2025-04-09
134,2025-08-06
189,2025-04-28
345,2025-06-09
297,2025-05-09
112,2025-04-15
648,2025-05-16
619,2025-07-21
356,2025-06-13
55,2025-03-15
712,2025-07-20
436,2025-05-09
192,2025-05-08
180,2025-05-06
302,2025-05-12
463,2025-05-29
490,2025-06-18
673,2025-05-03
319,2025-05-19
138,2025-06-07
628,2025-05-19
400,2025-03-09
107,2025-04-04
182,2025-04-16
727,2025-05-23
95,2025-06-24
516,2025-05-25
547,2025-06-15
655,2025-05-05
62,2025-05-06
550,2025-03-19
111,2025-05-26
603,2025-07-07
406,2025-04-21
729,2025-05-15
573,2025-03-14
201,2025-05-25
178,2025-07-13
610,2025-05-17
455,2025-04-13
280,2025-07-06
139,2025-07-08
270,2025-05-17
654,2025-04-26
78,2025-05-18
748,2025-05-02
169,2025-05-20
209,2025-06-17
258,2025-03-30
491,2025-04-11
234,2025-04-24
355,2025-07-13
603,2025-06-20
546,2025-03-17
473,2025-05-14
359,2025-08-07
173,2025-04-29
272,2025-05-05
180,2025-05-26
131,2025-06-01
688,2025-07-16
712,2025-05-24
516,2025-06-03
260,2025-06-29
275,2025-05-22
33,2025-05-29
440,2025-04-18
313,2025-07-30
377,2025-05-20
668,2025-07-04
347,2025-05-27
202,2025-03-24
115,2025-05-04
199,2025-05-18
731,2025-05-20
293,2025-06-24
630,2025-05-15
699,2025-06-06
87,2025-05-09
449,2025-05-06
212,2025-03-27
681,2025-05-29
661,2025-06-23
695,2025-03-28
502,2025-04-13
32,2025-04-22
569,2025-07-22
389,2025-06-05
174,2025-04-30
487,2025-04-20
732,2025-04-06
671,2025-04-28
63,2025-05-19
622,2025-04-13
253,2025-05-08
262,2025-06-01
732,2025-06-25
200,2025-04-16
396,2025-05-21
236,2025-04-17
737,2025-06-14
516,2025-05-11
274,2025-07-31
235,2025-04-03
236,2025-04-15
13,2025-03-27
717,2025-07-07
107,2025-05-29
71,2025-04-28
452,2025-05-27
518,2025-04-07
527,2025-03-13
436,2025-06-02
177,2025-04-23
261,2025-03-25
687,2025-04-29
268,2025-04-25
438,2025-03-03
545,2025-06-06
548,2025-06-12
705,2025-05-10
487,2025-05-22
635,2025-05-07
462,2025-08-05
566,2025-05-30
16,2025-08-08
703,2025-07-23
744,2025-06-25
329,2025-05-30
660,2025-05-23
127,2025-03-08
550,2025-05-15
515,2025-07-04
677,2025-04-17
552,2025-06-05
638,2025-07-22
594,2025-05-17
601,2025-05-14
527,2025-03-24
708,2025-06-15
63,2025-06-19
323,2025-06-12
593,2025-07-04
137,2025-04-20
108,2025-05-26
461,2025-07-07
141,2025-04-02
386,2025-04-10
38,2025-04-01
747,2025-06-15
554,2025-05-07
728,2025-06-04
180,2025-05-21
136,2025-05-01
571,2025-06-27
232,2025-06-26
461,2025-05-01
534,2025-05-19
244,2025-06-14
106,2025-06-02
116,2025-07-18
676,2025-07-27
512,2025-02-22
402,2025-03-30
581,2025-06-13
177,2025-05-24
528,2025-05-12
729,2025-05-25
571,2025-05-02
172,2025-05-15
125,2025-05-04
120,2025-04-23
190,2025-04-18
180,2025-04-17
17,2025-04-11
709,2025-05-09
396,2025-05-03
445,2025-06-25
118,2025-05-12
31,2025-05-29
647,2025-06-10
688,2025-07-16
693,2025-04-20
733,2025-04-21
125,2025-04-30
561,2025-04-17
303,2025-05-11
382,2025-06-06
96,2025-05-29
64,2025-04-06
567,2025-04-17
327,2025-08-06
250,2025-07-15
88,2025-05-25
523,2025-03-16
495,2025-04-06
432,2025-07-21
657,2025-03-27
200,2025-05-22
317,2025-06-01
603,2025-06-11
693,2025-03-02
36,2025-02-23
204,2025-03-28
